Time,F1_Actual,F1_Approximation,F1_RelativeError,F2_Actual,F2_Approximation,F2_RelativeError,F3_Actual,F3_Approximation,F3_RelativeError
0.000100,0.000200,0.000200,0.000000,1.000000,1.000000,0.000000,-9.210340,-9.210340,0.000000
0.010110,0.020220,0.020220,0.000009,0.999949,0.991577,0.008373,-4.594239,91.389810,20.892262
0.020120,0.040238,0.040238,0.000016,0.999798,0.983199,0.016602,-3.906050,92.382409,24.651108
0.030130,0.060255,0.060249,0.000091,0.999546,0.974868,0.024689,-3.502243,92.880760,27.520365
0.040140,0.080269,0.080251,0.000216,0.999195,0.966583,0.032637,-3.215391,93.213406,29.989758
0.050150,0.100278,0.100239,0.000391,0.998743,0.958345,0.040448,-2.992746,93.463034,32.229861
0.060159,0.120283,0.120209,0.000616,0.998191,0.950155,0.048123,-2.810757,93.662804,34.322986
0.070169,0.140281,0.140156,0.000891,0.997539,0.942011,0.055665,-2.656843,93.829313,36.316087
0.080179,0.160273,0.160078,0.001214,0.996787,0.933916,0.063074,-2.523490,93.972057,38.238923
0.090189,0.180256,0.179970,0.001587,0.995936,0.925868,0.070354,-2.405846,94.096971,40.111806
0.100199,0.200231,0.199828,0.002009,0.994984,0.917868,0.077505,-2.300596,94.208015,41.949394
0.110209,0.220195,0.219649,0.002479,0.993933,0.909917,0.084529,-2.205377,94.307961,43.762746
0.120219,0.240148,0.239429,0.002997,0.992782,0.902014,0.091428,-2.118441,94.398826,45.560519
0.130229,0.260090,0.259163,0.003562,0.991532,0.894161,0.098203,-2.038462,94.482122,47.349706
0.140239,0.280018,0.278849,0.004175,0.990183,0.886356,0.104856,-1.964409,94.559014,49.136112
0.150249,0.299933,0.298483,0.004835,0.988734,0.878600,0.111389,-1.895464,94.630416,50.924678
0.160259,0.319832,0.318060,0.005540,0.987186,0.870894,0.117802,-1.830967,94.697059,52.719704
0.170268,0.339715,0.337578,0.006291,0.985539,0.863237,0.124097,-1.770379,94.759539,54.525006
0.180278,0.359582,0.357033,0.007087,0.983794,0.855630,0.130275,-1.713253,94.818344,56.344038
0.190288,0.379430,0.376422,0.007928,0.981950,0.848072,0.136339,-1.659215,94.873884,58.179980
0.200298,0.399260,0.395742,0.008812,0.980007,0.840564,0.142288,-1.607948,94.926501,60.035801
0.210308,0.419069,0.414988,0.009739,0.977967,0.833107,0.148124,-1.559182,94.976488,61.914319
0.220318,0.438858,0.434159,0.010708,0.975828,0.825699,0.153848,-1.512683,95.024095,63.818238
0.230328,0.458625,0.453250,0.011719,0.973592,0.818341,0.159462,-1.468251,95.069539,65.750186
0.240338,0.478369,0.472260,0.012770,0.971258,0.811033,0.164966,-1.425710,95.113008,67.712745
0.250348,0.498089,0.491184,0.013861,0.968826,0.803776,0.170361,-1.384904,95.154665,69.708475
0.260358,0.517784,0.510021,0.014992,0.966298,0.796569,0.175649,-1.345699,95.194657,71.739934
0.270368,0.537453,0.528768,0.016161,0.963673,0.789412,0.180830,-1.307973,95.233111,73.809698
0.280377,0.557096,0.547421,0.017367,0.960951,0.782305,0.185905,-1.271618,95.270141,75.920383
0.290387,0.576711,0.565978,0.018610,0.958133,0.775249,0.190876,-1.236539,95.305849,78.074654
0.300397,0.596297,0.584438,0.019888,0.955219,0.768243,0.195742,-1.202649,95.340326,80.275248
0.310407,0.615854,0.602797,0.021201,0.952209,0.761287,0.200505,-1.169870,95.373653,82.524982
0.320417,0.635380,0.621053,0.022548,0.949104,0.754381,0.205165,-1.138132,95.405906,84.826776
0.330427,0.654874,0.639204,0.023928,0.945904,0.747526,0.209723,-1.107369,95.437151,87.183660
0.340437,0.674336,0.657248,0.025340,0.942609,0.740720,0.214181,-1.077525,95.467449,89.598794
0.350447,0.693764,0.675183,0.026783,0.939219,0.733965,0.218537,-1.048546,95.496857,92.075485
0.360457,0.713158,0.693007,0.028256,0.935736,0.727260,0.222793,-1.020383,95.525424,94.617198
0.370467,0.732517,0.710719,0.029758,0.932158,0.720605,0.226950,-0.992992,95.553198,97.227579
0.380477,0.751840,0.728316,0.031288,0.928488,0.714000,0.231008,-0.966331,95.580221,99.910471
0.390486,0.771125,0.745797,0.032846,0.924724,0.707445,0.234967,-0.940362,95.606533,102.669934
0.400496,0.790372,0.763160,0.034429,0.920868,0.700939,0.238828,-0.915051,95.632171,105.510265
0.410506,0.809580,0.780404,0.036038,0.916919,0.694483,0.242591,-0.890364,95.657168,108.436025
0.420516,0.828748,0.797528,0.037671,0.912878,0.688076,0.246256,-0.866272,95.681555,111.452063
0.430526,0.847875,0.814530,0.039328,0.908746,0.681719,0.249824,-0.842747,95.705362,114.563538
0.440536,0.866960,0.831410,0.041006,0.904523,0.675412,0.253295,-0.819763,95.728615,117.775960
0.450546,0.886003,0.848165,0.042706,0.900210,0.669153,0.256670,-0.797295,95.751340,121.095214
0.460556,0.905002,0.864796,0.044426,0.895806,0.662943,0.259947,-0.775321,95.773559,124.527600
0.470566,0.923956,0.881301,0.046166,0.891312,0.656783,0.263128,-0.753820,95.795296,128.079877
0.480576,0.942865,0.897679,0.047924,0.886729,0.650671,0.266213,-0.732771,95.816570,131.759305
0.490586,0.961728,0.913930,0.049700,0.882057,0.644607,0.269200,-0.712156,95.837402,135.573696
0.500595,0.980544,0.930053,0.051492,0.877297,0.638592,0.272091,-0.691957,95.857808,139.531472
0.510605,0.999311,0.946048,0.053300,0.872449,0.632625,0.274885,-0.672158,95.877806,143.641728
0.520615,1.018029,0.961913,0.055123,0.867513,0.626707,0.277583,-0.652744,95.897412,147.914305
0.530625,1.036698,0.977649,0.056959,0.862491,0.620836,0.280183,-0.633699,95.916640,152.359866
0.540635,1.055316,0.993255,0.058808,0.857382,0.615013,0.282685,-0.615011,95.935507,156.989991
0.550645,1.073882,1.008730,0.060670,0.852187,0.609237,0.285090,-0.596665,95.954023,161.817281
0.560655,1.092396,1.024075,0.062542,0.846907,0.603509,0.287397,-0.578650,95.972204,166.855469
0.570665,1.110857,1.039290,0.064425,0.841542,0.597827,0.289605,-0.560953,95.990059,172.119560
0.580675,1.129263,1.054374,0.066317,0.836093,0.592193,0.291714,-0.543564,96.007601,177.625977
0.590685,1.147615,1.069327,0.068218,0.830560,0.586605,0.293723,-0.526473,96.024841,183.392741
0.600695,1.165910,1.084150,0.070126,0.824943,0.581064,0.295631,-0.509669,96.041789,189.439669
0.610705,1.184149,1.098841,0.072041,0.819244,0.575570,0.297438,-0.493142,96.058454,195.788605
0.620714,1.202331,1.113403,0.073963,0.813463,0.570121,0.299144,-0.476884,96.074846,202.463688
0.630724,1.220454,1.127834,0.075890,0.807601,0.564718,0.300746,-0.460886,96.090974,209.491668
0.640734,1.238518,1.142135,0.077822,0.801657,0.559361,0.302245,-0.445141,96.106846,216.902264
0.650744,1.256523,1.156306,0.079757,0.795633,0.554049,0.303638,-0.429639,96.122470,224.728594
0.660754,1.274466,1.170348,0.081696,0.789530,0.548782,0.304926,-0.414374,96.137853,233.007675
0.670764,1.292349,1.184261,0.083637,0.783347,0.543560,0.306106,-0.399338,96.153003,241.781018
0.680774,1.310168,1.198045,0.085580,0.777086,0.538383,0.307177,-0.384525,96.167928,251.095334
0.690784,1.327925,1.211701,0.087523,0.770747,0.533250,0.308139,-0.369928,96.182632,261.003370
0.700794,1.345618,1.225229,0.089468,0.764331,0.528161,0.308988,-0.355542,96.197124,271.564926
0.710804,1.363247,1.238630,0.091412,0.757838,0.523117,0.309725,-0.341359,96.211409,282.848075
0.720814,1.380810,1.251905,0.093354,0.751269,0.518116,0.310346,-0.327375,96.225492,294.930642
0.730823,1.398306,1.265054,0.095296,0.744625,0.513158,0.310850,-0.313583,96.239380,307.902021
0.740833,1.415736,1.278077,0.097235,0.737906,0.508244,0.311235,-0.299980,96.253078,321.865412
0.750843,1.433099,1.290976,0.099172,0.731114,0.503372,0.311499,-0.286558,96.266591,336.940588
0.760853,1.450393,1.303751,0.101105,0.724248,0.498543,0.311640,-0.273315,96.279923,353.267371
0.770863,1.467618,1.316403,0.103034,0.717310,0.493757,0.311654,-0.260245,96.293080,371.010005
0.780873,1.484773,1.328933,0.104959,0.710299,0.489013,0.311540,-0.247343,96.306066,390.362741
0.790883,1.501857,1.341341,0.106879,0.703218,0.484310,0.311294,-0.234605,96.318886,411.557014
0.800893,1.518871,1.353628,0.108793,0.696066,0.479650,0.310914,-0.222028,96.331543,434.870792
0.810903,1.535812,1.365795,0.110701,0.688844,0.475030,0.310396,-0.209607,96.344043,460.640894
0.820913,1.552681,1.377844,0.112603,0.681554,0.470452,0.309736,-0.197339,96.356388,489.279434
0.830923,1.569476,1.389774,0.114498,0.674195,0.465914,0.308932,-0.185219,96.368582,521.296116
0.840932,1.586198,1.401586,0.116386,0.666768,0.461417,0.307980,-0.173244,96.380629,557.328931
0.850942,1.602844,1.413282,0.118266,0.659275,0.456960,0.306874,-0.161411,96.392533,598.187241
0.860952,1.619416,1.424863,0.120138,0.651716,0.452543,0.305612,-0.149716,96.404297,644.913462
0.870962,1.635911,1.436329,0.122001,0.644091,0.448166,0.304188,-0.138157,96.415925,698.873453
0.880972,1.652330,1.447682,0.123854,0.636402,0.443829,0.302596,-0.126729,96.427418,761.892527
0.890982,1.668671,1.458921,0.125699,0.628649,0.439530,0.300833,-0.115431,96.438781,836.466378
0.900992,1.684935,1.470049,0.127534,0.620833,0.435271,0.298892,-0.104259,96.450017,926.099969
0.911002,1.701120,1.481067,0.129358,0.612955,0.431050,0.296767,-0.093210,96.461127,1035.875111
0.921012,1.717226,1.491974,0.131172,0.605015,0.426867,0.294452,-0.082283,96.472115,1173.449602
0.931022,1.733252,1.502773,0.132975,0.597015,0.422723,0.291939,-0.071473,96.482984,1350.926326
0.941032,1.749198,1.513463,0.134767,0.588955,0.418616,0.289222,-0.060779,96.493737,1588.626018
0.951041,1.765062,1.524048,0.136547,0.580836,0.414547,0.286292,-0.050198,96.504374,1923.488248
0.961051,1.780845,1.534526,0.138316,0.572658,0.410515,0.283142,-0.039727,96.514900,2430.426852
0.971061,1.796546,1.544899,0.140073,0.564424,0.406520,0.279761,-0.029366,96.525316,3288.006425
0.981071,1.812165,1.555169,0.141817,0.556133,0.402562,0.276141,-0.019110,96.535625,5052.504382
0.991081,1.827700,1.565336,0.143549,0.547786,0.398640,0.272270,-0.008959,96.545829,10777.490324
1.001091,1.843151,1.575401,0.145268,0.539384,0.394754,0.268139,0.001090,96.555929,88550.226410
1.011101,1.858518,1.585365,0.146973,0.530928,0.390904,0.263734,0.011040,96.565929,8746.121300
1.021111,1.873800,1.595230,0.148666,0.522419,0.387090,0.259043,0.020891,96.575829,4621.829391
1.031121,1.888996,1.604995,0.150345,0.513858,0.383311,0.254052,0.030646,96.585632,3150.625705
1.041131,1.904107,1.614664,0.152010,0.505245,0.379567,0.248745,0.040307,96.595341,2395.474551
1.051141,1.919131,1.624235,0.153661,0.496581,0.375858,0.243108,0.049876,96.604956,1935.910253
1.061150,1.934068,1.633711,0.155298,0.487868,0.372184,0.237122,0.059354,96.614479,1626.776534
1.071160,1.948917,1.643092,0.156921,0.479106,0.368544,0.230768,0.068743,96.623913,1404.591864
1.081170,1.963679,1.652379,0.158529,0.470296,0.364937,0.224026,0.078044,96.633258,1237.188852
1.091180,1.978352,1.661574,0.160122,0.461439,0.361365,0.216874,0.087260,96.642517,1106.525657
1.101190,1.992937,1.670677,0.161701,0.452535,0.357826,0.209287,0.096391,96.651691,1001.699362
1.111200,2.007432,1.679689,0.163265,0.443586,0.354320,0.201239,0.105441,96.660781,915.732846
1.121210,2.021837,1.688611,0.164813,0.434593,0.350846,0.192701,0.114408,96.669790,843.953758
1.131220,2.036152,1.697445,0.166346,0.425556,0.347406,0.183643,0.123297,96.678718,783.115436
1.141230,2.050376,1.706191,0.167864,0.416477,0.343998,0.174029,0.132106,96.687567,730.891668
1.151240,2.064509,1.714850,0.169367,0.407356,0.340622,0.163822,0.140839,96.696339,685.572087
1.161250,2.078551,1.723424,0.170853,0.398194,0.337278,0.152981,0.149497,96.705034,645.871025
1.171259,2.092501,1.731912,0.172324,0.388992,0.333965,0.141460,0.158080,96.713654,610.803391
1.181269,2.106358,1.740317,0.173779,0.379751,0.330684,0.129209,0.166590,96.722201,579.601686
1.191279,2.120123,1.748638,0.175218,0.370472,0.327433,0.116172,0.175028,96.730675,551.659065
1.201289,2.133795,1.756878,0.176642,0.361156,0.324214,0.102288,0.183395,96.739078,526.489394
1.211299,2.147373,1.765036,0.178049,0.351804,0.321025,0.087488,0.191693,96.747411,503.698656
1.221309,2.160857,1.773114,0.179439,0.342416,0.317866,0.071696,0.199923,96.755675,482.964117
1.231319,2.174248,1.781113,0.180814,0.332994,0.314738,0.054826,0.208086,96.763872,464.018907
1.241329,2.187544,1.789034,0.182172,0.323539,0.311639,0.036782,0.216182,96.772001,446.640430
1.251339,2.200745,1.796877,0.183514,0.314052,0.308569,0.017457,0.224214,96.780066,430.641551
1.261349,2.213851,1.804643,0.184840,0.304533,0.305529,0.003273,0.232182,96.788065,415.863804
1.271359,2.226861,1.812334,0.186149,0.294983,0.302518,0.025544,0.240086,96.796001,402.172102
1.281368,2.239776,1.819950,0.187441,0.285404,0.299536,0.049515,0.247929,96.803875,389.450582
1.291378,2.252595,1.827492,0.188717,0.275796,0.296582,0.075366,0.255710,96.811687,377.599301
1.301388,2.265317,1.834961,0.189976,0.266161,0.293656,0.103304,0.263432,96.819439,366.531593
1.311398,2.277943,1.842358,0.191219,0.256499,0.290759,0.133568,0.271094,96.827131,356.171935
1.321408,2.290472,1.849683,0.192445,0.246811,0.287889,0.166434,0.278698,96.834764,346.454209
1.331418,2.302904,1.856938,0.193654,0.237099,0.285047,0.202228,0.286245,96.842340,337.320288
1.341428,2.315238,1.864123,0.194846,0.227363,0.282232,0.241330,0.293735,96.849858,328.718858
1.351438,2.327475,1.871239,0.196022,0.217604,0.279444,0.284188,0.301169,96.857321,320.604453
1.361448,2.339614,1.878286,0.197181,0.207823,0.276683,0.331341,0.308549,96.864728,312.936640
1.371458,2.351655,1.885267,0.198323,0.198021,0.273948,0.383430,0.315874,96.872080,305.679347
1.381468,2.363598,1.892181,0.199449,0.188200,0.271240,0.441236,0.323146,96.879379,298.800285
1.391477,2.375443,1.899029,0.200558,0.178359,0.268558,0.505714,0.330366,96.886626,292.270468
1.401487,2.387189,1.905813,0.201650,0.168501,0.265902,0.578042,0.337534,96.893820,286.063801
1.411497,2.398836,1.912532,0.202725,0.158626,0.263271,0.659698,0.344651,96.900962,280.156727
1.421507,2.410384,1.919187,0.203784,0.148735,0.260666,0.752553,0.351718,96.908054,274.527925
1.431517,2.421833,1.925780,0.204825,0.138829,0.258086,0.859019,0.358735,96.915096,269.158054
1.441527,2.433183,1.932311,0.205850,0.128910,0.255531,0.982253,0.365703,96.922089,264.029525
1.451537,2.444434,1.938781,0.206859,0.118977,0.253001,1.126474,0.372623,96.929033,259.126309
1.461547,2.455585,1.945191,0.207850,0.109032,0.250496,1.297443,0.379495,96.935929,254.433768
1.471557,2.466637,1.951540,0.208825,0.099077,0.248014,1.503252,0.386321,96.942778,249.938504
1.481567,2.477588,1.957830,0.209784,0.089111,0.245557,1.755618,0.393100,96.949581,245.628236
1.491577,2.488440,1.964062,0.210726,0.079137,0.243123,2.072185,0.399834,96.956337,241.491680
1.501586,2.499192,1.970237,0.211651,0.069155,0.240713,2.480801,0.406522,96.963049,237.518455
1.511596,2.509845,1.976354,0.212559,0.059165,0.238327,3.028150,0.413166,96.969715,233.698990
1.521606,2.520397,1.982415,0.213451,0.049170,0.235964,3.798919,0.419767,96.976337,230.024449
1.531616,2.530849,1.988420,0.214327,0.039170,0.233623,4.964334,0.426324,96.982916,226.486661
1.541626,2.541201,1.994371,0.215186,0.029166,0.231306,6.930657,0.432838,96.989452,223.078061
1.551636,2.551452,2.000267,0.216028,0.019159,0.229011,10.953116,0.439310,96.995945,219.791631
1.561646,2.561604,2.006109,0.216855,0.009150,0.226739,23.779496,0.445740,97.002397,216.620852
1.571656,2.571655,2.011898,0.217664,-0.000860,0.224488,262.175977,0.452130,97.008807,213.559663
1.581666,2.581607,2.017634,0.218458,-0.010869,0.222260,21.448553,0.458479,97.015176,210.602420
1.591676,2.591458,2.023319,0.219235,-0.020878,0.220053,11.540045,0.464787,97.021505,207.743861
1.601686,2.601209,2.028953,0.219996,-0.030884,0.217868,8.054324,0.471057,97.027794,204.979071
1.611695,2.610859,2.034535,0.220741,-0.040888,0.215704,6.275526,0.477287,97.034044,202.303461
1.621705,2.620410,2.040068,0.221470,-0.050887,0.213562,5.196779,0.483478,97.040255,199.712735
1.631715,2.629860,2.045551,0.222182,-0.060881,0.211440,4.472991,0.489632,97.046427,197.202868
1.641725,2.639211,2.050986,0.222879,-0.070869,0.209339,3.953874,0.495748,97.052562,194.770088
1.651735,2.648461,2.056372,0.223560,-0.080850,0.207259,3.563487,0.501826,97.058660,192.410854
1.661745,2.657612,2.061710,0.224225,-0.090823,0.205199,3.259321,0.507868,97.064720,190.121839
1.671755,2.666663,2.067001,0.224873,-0.100787,0.203159,3.015726,0.513874,97.070744,187.899913
1.681765,2.675614,2.072246,0.225506,-0.110741,0.201140,2.816308,0.519844,97.076732,185.742132
1.691775,2.684466,2.077444,0.226124,-0.120684,0.199140,2.650098,0.525778,97.082684,183.645721
1.701785,2.693218,2.082597,0.226725,-0.130614,0.197159,2.509480,0.531678,97.088601,181.608063
1.711795,2.701871,2.087705,0.227311,-0.140532,0.195199,2.389001,0.537542,97.094483,179.626687
1.721805,2.710424,2.092768,0.227882,-0.150435,0.193257,2.284655,0.543373,97.100331,177.699262
1.731814,2.718879,2.097788,0.228437,-0.160323,0.191334,2.193429,0.549170,97.106145,175.823581
1.741824,2.727235,2.102763,0.228976,-0.170195,0.189431,2.113018,0.554933,97.111925,173.997559
1.751834,2.735492,2.107696,0.229500,-0.180051,0.187546,2.041628,0.560663,97.117672,172.219219
1.761844,2.743650,2.112586,0.230009,-0.189888,0.185679,1.977837,0.566361,97.123386,170.486691
1.771854,2.751710,2.117435,0.230502,-0.199706,0.183831,1.920510,0.572026,97.129068,168.798200
1.781864,2.759672,2.122242,0.230980,-0.209504,0.182001,1.868725,0.577660,97.134717,167.152061
1.791874,2.767536,2.127007,0.231444,-0.219281,0.180189,1.821728,0.583262,97.140335,165.546675
1.801884,2.775302,2.131732,0.231892,-0.229036,0.178395,1.778896,0.588833,97.145921,163.980524
1.811894,2.782970,2.136418,0.232325,-0.238768,0.176619,1.739709,0.594373,97.151477,162.452163
1.821904,2.790541,2.141063,0.232743,-0.248477,0.174860,1.703729,0.599882,97.157001,160.960218
1.831914,2.798016,2.145669,0.233146,-0.258160,0.173119,1.670587,0.605361,97.162496,159.503380
1.841923,2.805393,2.150237,0.233535,-0.267818,0.171394,1.639967,0.610810,97.167960,158.080405
1.851933,2.812674,2.154766,0.233908,-0.277448,0.169687,1.611599,0.616230,97.173395,156.690104
1.861943,2.819859,2.159257,0.234268,-0.287051,0.167997,1.585250,0.621621,97.178800,155.331346
1.871953,2.826947,2.163711,0.234612,-0.296625,0.166323,1.560717,0.626982,97.184176,154.003049
1.881963,2.833940,2.168127,0.234942,-0.306170,0.164665,1.537824,0.632315,97.189524,152.704182
1.891973,2.840838,2.172508,0.235258,-0.315683,0.163025,1.516418,0.637620,97.194843,151.433761
1.901983,2.847640,2.176852,0.235559,-0.325165,0.161400,1.496362,0.642897,97.200134,150.190842
1.911993,2.854348,2.181160,0.235847,-0.334615,0.159791,1.477537,0.648146,97.205397,148.974527
1.922003,2.860961,2.185432,0.236119,-0.344031,0.158198,1.459838,0.653368,97.210632,147.783954
1.932013,2.867480,2.189670,0.236378,-0.353412,0.156621,1.443169,0.658562,97.215840,146.618298
1.942023,2.873906,2.193873,0.236623,-0.362758,0.155060,1.427447,0.663730,97.221021,145.476770
1.952032,2.880238,2.198042,0.236854,-0.372068,0.153514,1.412596,0.668871,97.226176,144.358613
1.962042,2.886477,2.202177,0.237071,-0.381341,0.151983,1.398550,0.673986,97.231304,143.263104
1.972052,2.892623,2.206279,0.237274,-0.390575,0.150468,1.385247,0.679075,97.236406,142.189547
1.982062,2.898678,2.210348,0.237464,-0.399770,0.148967,1.372632,0.684138,97.241482,141.137274
1.992072,2.904640,2.214383,0.237639,-0.408925,0.147481,1.360656,0.689175,97.246532,140.105647
2.002082,2.910511,2.218387,0.237802,-0.418039,0.146010,1.349274,0.694188,97.251557,139.094051
2.012092,2.916291,2.222358,0.237950,-0.427111,0.144554,1.338445,0.699175,97.256557,138.101896
2.022102,2.921980,2.226298,0.238086,-0.436141,0.143112,1.328132,0.704137,97.261532,137.128614
2.032112,2.927579,2.230206,0.238208,-0.445126,0.141684,1.318301,0.709076,97.266483,136.173661
2.042122,2.933089,2.234084,0.238317,-0.454067,0.140271,1.308920,0.713989,97.271409,135.236512
2.052132,2.938509,2.237931,0.238413,-0.462963,0.138871,1.299961,0.718879,97.276310,134.316663
2.062141,2.943840,2.241747,0.238496,-0.471812,0.137485,1.291398,0.723745,97.281188,133.413628
2.072151,2.949083,2.245534,0.238566,-0.480614,0.136113,1.283207,0.728587,97.286043,132.526941
2.082161,2.954239,2.249291,0.238622,-0.489368,0.134755,1.275365,0.733406,97.290873,131.656151
2.092171,2.959306,2.253018,0.238667,-0.498073,0.133410,1.267853,0.738202,97.295681,130.800825
2.102181,2.964287,2.256717,0.238698,-0.506728,0.132079,1.260650,0.742975,97.300466,129.960545
2.112191,2.969182,2.260387,0.238717,-0.515332,0.130760,1.253740,0.747726,97.305227,129.134908
2.122201,2.973990,2.264029,0.238724,-0.523884,0.129455,1.247106,0.752454,97.309967,128.323525
2.132211,2.978714,2.267642,0.238718,-0.532384,0.128163,1.240734,0.757159,97.314683,127.526022
2.142221,2.983352,2.271228,0.238699,-0.540831,0.126883,1.234608,0.761843,97.319378,126.742037
2.152231,2.987906,2.274786,0.238669,-0.549223,0.125617,1.228717,0.766505,97.324051,125.971221
2.162241,2.992377,2.278317,0.238626,-0.557560,0.124362,1.223047,0.771145,97.328702,125.213236
2.172250,2.996764,2.281821,0.238572,-0.565842,0.123121,1.217588,0.775764,97.333332,124.467757
2.182260,3.001069,2.285298,0.238505,-0.574067,0.121891,1.212329,0.780361,97.337940,123.734468
2.192270,3.005291,2.288750,0.238427,-0.582234,0.120674,1.207261,0.784938,97.342527,123.013067
2.202280,3.009433,2.292175,0.238337,-0.590343,0.119469,1.202372,0.789493,97.347093,122.303259
2.212290,3.013493,2.295574,0.238235,-0.598393,0.118276,1.197656,0.794028,97.351638,121.604759
2.222300,3.017473,2.298948,0.238122,-0.606383,0.117095,1.193104,0.798543,97.356163,120.917292
2.232310,3.021373,2.302296,0.237997,-0.614312,0.115925,1.188707,0.803037,97.360667,120.240592
2.242320,3.025195,2.305620,0.237861,-0.622179,0.114767,1.184460,0.807511,97.365152,119.574402
2.252330,3.028937,2.308919,0.237713,-0.629985,0.113621,1.180355,0.811965,97.369616,118.918472
2.262340,3.032602,2.312193,0.237555,-0.637727,0.112486,1.176386,0.816400,97.374060,118.272560
2.272350,3.036190,2.315443,0.237385,-0.645405,0.111362,1.172547,0.820814,97.378485,117.636432
2.282359,3.039702,2.318669,0.237205,-0.653018,0.110250,1.168831,0.825210,97.382890,117.009862
2.292369,3.043137,2.321872,0.237014,-0.660566,0.109149,1.165235,0.829586,97.387276,116.392631
2.302379,3.046497,2.325051,0.236812,-0.668048,0.108058,1.161752,0.833943,97.391643,115.784524
2.312389,3.049783,2.328207,0.236599,-0.675463,0.106978,1.158378,0.838281,97.395990,115.185335
2.322399,3.052995,2.331339,0.236376,-0.682811,0.105910,1.155108,0.842601,97.400319,114.594865
2.332409,3.056133,2.334449,0.236143,-0.690089,0.104851,1.151939,0.846902,97.404630,114.012918
2.342419,3.059199,2.337537,0.235899,-0.697299,0.103804,1.148865,0.851184,97.408921,113.439307
2.352429,3.062193,2.340602,0.235645,-0.704439,0.102766,1.145884,0.855448,97.413195,112.873849
2.362439,3.065116,2.343645,0.235381,-0.711508,0.101740,1.142991,0.859694,97.417450,112.316365
2.372449,3.067969,2.346667,0.235107,-0.718506,0.100723,1.140184,0.863923,97.421687,111.766683
2.382459,3.070752,2.349666,0.234824,-0.725432,0.099716,1.137458,0.868133,97.425906,111.224637
2.392468,3.073466,2.352645,0.234530,-0.732286,0.098720,1.134810,0.872326,97.430108,110.690063
2.402478,3.076112,2.355602,0.234228,-0.739066,0.097733,1.132239,0.876501,97.434292,110.162802
2.412488,3.078690,2.358538,0.233915,-0.745771,0.096756,1.129740,0.880659,97.438459,109.642703
2.422498,3.081202,2.361453,0.233593,-0.752403,0.095789,1.127311,0.884799,97.442608,109.129614
2.432508,3.083647,2.364348,0.233263,-0.758958,0.094832,1.124950,0.888923,97.446740,108.623392
2.442518,3.086028,2.367223,0.232922,-0.765438,0.093884,1.122654,0.893029,97.450855,108.123895
2.452528,3.088344,2.370077,0.232573,-0.771841,0.092946,1.120421,0.897119,97.454954,107.630985
2.462538,3.090596,2.372911,0.232216,-0.778167,0.092016,1.118248,0.901192,97.459035,107.144530
2.472548,3.092785,2.375726,0.231849,-0.784414,0.091097,1.116133,0.905249,97.463100,106.664399
2.482558,3.094912,2.378521,0.231474,-0.790584,0.090186,1.114075,0.909289,97.467149,106.190466
2.492568,3.096978,2.381297,0.231090,-0.796673,0.089284,1.112071,0.913313,97.471181,105.722608
2.502577,3.098983,2.384053,0.230698,-0.802684,0.088392,1.110120,0.917321,97.475197,105.260705
2.512587,3.100928,2.386791,0.230298,-0.808613,0.087508,1.108220,0.921313,97.479197,104.804641
2.522597,3.102815,2.389509,0.229890,-0.814462,0.086633,1.106369,0.925289,97.483181,104.354301
2.532607,3.104643,2.392209,0.229474,-0.820229,0.085767,1.104565,0.929249,97.487149,103.909576
2.542617,3.106414,2.394891,0.229050,-0.825914,0.084910,1.102807,0.933194,97.491101,103.470357
2.552627,3.108128,2.397554,0.228618,-0.831516,0.084061,1.101093,0.937123,97.495038,103.036540
2.562637,3.109787,2.400200,0.228179,-0.837034,0.083220,1.099423,0.941037,97.498960,102.608022
2.572647,3.111391,2.402827,0.227732,-0.842469,0.082388,1.097793,0.944935,97.502866,102.184704
2.582657,3.112941,2.405437,0.227278,-0.847820,0.081564,1.096205,0.948819,97.506757,101.766488
2.592667,3.114438,2.408029,0.226818,-0.853085,0.080749,1.094655,0.952687,97.510633,101.353279
2.602677,3.115883,2.410604,0.226350,-0.858265,0.079941,1.093143,0.956540,97.514494,100.944985
2.612686,3.117276,2.413161,0.225875,-0.863360,0.079142,1.091667,0.960379,97.518340,100.541516
2.622696,3.118618,2.415701,0.225394,-0.868367,0.078350,1.090227,0.964203,97.522171,100.142785
2.632706,3.119911,2.418225,0.224906,-0.873288,0.077567,1.088822,0.968012,97.525988,99.748704
2.642716,3.121155,2.420732,0.224412,-0.878121,0.076791,1.087449,0.971807,97.529790,99.359191
2.652726,3.122352,2.423222,0.223911,-0.882866,0.076023,1.086110,0.975588,97.533578,98.974163
2.662736,3.123501,2.425696,0.223405,-0.887522,0.075263,1.084801,0.979354,97.537351,98.593542
2.672746,3.124604,2.428153,0.222892,-0.892090,0.074510,1.083523,0.983106,97.541111,98.217248
2.682756,3.125661,2.430594,0.222374,-0.896568,0.073765,1.082275,0.986845,97.544856,97.845207
2.692766,3.126675,2.433020,0.221851,-0.900957,0.073027,1.081055,0.990569,97.548587,97.477344
2.702776,3.127645,2.435429,0.221322,-0.905255,0.072297,1.079864,0.994279,97.552305,97.113586
2.712786,3.128572,2.437823,0.220787,-0.909462,0.071574,1.078699,0.997976,97.556008,96.753862
2.722795,3.129457,2.440202,0.220248,-0.913579,0.070858,1.077561,1.001659,97.559698,96.398104
2.732805,3.130302,2.442565,0.219703,-0.917604,0.070149,1.076448,1.005329,97.563375,96.046244
2.742815,3.131107,2.444912,0.219154,-0.921536,0.069448,1.075361,1.008985,97.567038,95.698216
2.752825,3.131873,2.447245,0.218600,-0.925377,0.068753,1.074297,1.012628,97.570687,95.353955
2.762835,3.132601,2.449563,0.218042,-0.929125,0.068065,1.073257,1.016257,97.574323,95.013398
2.772845,3.133293,2.451865,0.217480,-0.932779,0.067384,1.072240,1.019874,97.577947,94.676483
2.782855,3.133948,2.454154,0.216913,-0.936341,0.066710,1.071246,1.023477,97.581557,94.343151
2.792865,3.134567,2.456427,0.216343,-0.939808,0.066043,1.070273,1.027068,97.585154,94.013342
2.802875,3.135153,2.458686,0.215768,-0.943181,0.065382,1.069321,1.030646,97.588738,93.686998
2.812885,3.135705,2.460931,0.215190,-0.946460,0.064728,1.068390,1.034211,97.592309,93.364064
2.822895,3.136225,2.463162,0.214609,-0.949644,0.064081,1.067479,1.037763,97.595868,93.044484
2.832905,3.136714,2.465379,0.214025,-0.952733,0.063440,1.066587,1.041303,97.599414,92.728204
2.842914,3.137172,2.467581,0.213438,-0.955726,0.062805,1.065715,1.044830,97.602947,92.415171
2.852924,3.137600,2.469770,0.212847,-0.958624,0.062177,1.064861,1.048345,97.606468,92.105333
2.862934,3.138000,2.471946,0.212254,-0.961425,0.061555,1.064025,1.051847,97.609977,91.798641
2.872944,3.138373,2.474107,0.211659,-0.964131,0.060939,1.063206,1.055337,97.613474,91.495044
2.882954,3.138719,2.476256,0.211062,-0.966739,0.060329,1.062405,1.058815,97.616958,91.194494
2.892964,3.139039,2.478391,0.210462,-0.969251,0.059726,1.061621,1.062282,97.620430,90.896944
2.902974,3.139335,2.480513,0.209860,-0.971665,0.059128,1.060853,1.065736,97.623890,90.602347
2.912984,3.139607,2.482622,0.209257,-0.973983,0.058537,1.060100,1.069178,97.627338,90.310658
2.922994,3.139856,2.484718,0.208652,-0.976202,0.057951,1.059364,1.072608,97.630775,90.021832
2.933004,3.140083,2.486801,0.208046,-0.978324,0.057371,1.058642,1.076027,97.634199,89.735825
2.943014,3.140290,2.488871,0.207439,-0.980348,0.056797,1.057936,1.079434,97.637612,89.452595
2.953023,3.140477,2.490929,0.206831,-0.982273,0.056229,1.057244,1.082830,97.641014,89.172100
2.963033,3.140645,2.492974,0.206222,-0.984101,0.055667,1.056566,1.086214,97.644403,88.894300
2.973043,3.140796,2.495007,0.205613,-0.985829,0.055110,1.055902,1.089586,97.647782,88.619152
2.983053,3.140929,2.497028,0.205004,-0.987459,0.054558,1.055251,1.092947,97.651149,88.346619
2.993063,3.141047,2.499036,0.204394,-0.988990,0.054012,1.054614,1.096297,97.654504,88.076662
3.003073,3.141150,2.501032,0.203784,-0.990421,0.053472,1.053989,1.099636,97.657849,87.809243
3.013083,3.141239,2.503017,0.203175,-0.991754,0.052937,1.053377,1.102964,97.661182,87.544325
3.023093,3.141316,2.504989,0.202567,-0.992987,0.052407,1.052777,1.106280,97.664504,87.281871
3.033103,3.141380,2.506950,0.201959,-0.994121,0.051883,1.052190,1.109586,97.667815,87.021846
3.043113,3.141434,2.508899,0.201352,-0.995155,0.051364,1.051614,1.112881,97.671116,86.764214
3.053123,3.141477,2.510837,0.200746,-0.996089,0.050850,1.051049,1.116165,97.674405,86.508942
3.063132,3.141512,2.512763,0.200142,-0.996924,0.050341,1.050496,1.119438,97.677684,86.255996
3.073142,3.141539,2.514678,0.199540,-0.997658,0.049837,1.049954,1.122701,97.680952,86.005344
3.083152,3.141559,2.516581,0.198939,-0.998293,0.049338,1.049423,1.125953,97.684209,85.756951
3.093162,3.141574,2.518474,0.198340,-0.998827,0.048845,1.048902,1.129194,97.687456,85.510788
3.103172,3.141583,2.520355,0.197744,-0.999262,0.048356,1.048392,1.132425,97.690692,85.266822
3.113182,3.141589,2.522225,0.197150,-0.999596,0.047872,1.047891,1.135645,97.693918,85.025023
3.123192,3.141592,2.524085,0.196559,-0.999831,0.047393,1.047401,1.138856,97.697133,84.785362
3.133202,3.141593,2.525933,0.195970,-0.999965,0.046919,1.046921,1.142055,97.700338,84.547808
3.143212,3.141593,2.527771,0.195385,-0.999999,0.046449,1.046449,1.145245,97.703533,84.312333
3.153222,3.141593,2.529599,0.194804,-0.999932,0.045985,1.045988,1.148425,97.706718,84.078909
3.163232,3.141594,2.531416,0.194226,-0.999766,0.045524,1.045535,1.151594,97.709892,83.847507
3.173241,3.141598,2.533222,0.193652,-0.999499,0.045069,1.045091,1.154754,97.713057,83.618101
3.183251,3.141605,2.535018,0.193082,-0.999132,0.044618,1.044657,1.157903,97.716211,83.390663
3.193261,3.141616,2.536804,0.192516,-0.998665,0.044171,1.044230,1.161043,97.719356,83.165167
3.203271,3.141632,2.538579,0.191955,-0.998098,0.043729,1.043813,1.164173,97.722490,82.941588
3.213281,3.141654,2.540345,0.191399,-0.997431,0.043292,1.043403,1.167293,97.725615,82.719899
3.223291,3.141684,2.542100,0.190848,-0.996665,0.042858,1.043002,1.170403,97.728731,82.500077
3.233301,3.141721,2.543846,0.190302,-0.995798,0.042430,1.042609,1.173504,97.731836,82.282096
3.243311,3.141768,2.545582,0.189761,-0.994831,0.042005,1.042223,1.176595,97.734932,82.065932
3.253321,3.141825,2.547307,0.189227,-0.993765,0.041585,1.041846,1.179676,97.738018,81.851562
3.263331,3.141893,2.549024,0.188698,-0.992599,0.041168,1.041475,1.182748,97.741095,81.638962
3.273341,3.141973,2.550730,0.188176,-0.991334,0.040756,1.041113,1.185811,97.744163,81.428110
3.283350,3.142067,2.552428,0.187660,-0.989969,0.040349,1.040757,1.188864,97.747221,81.218984
3.293360,3.142175,2.554115,0.187150,-0.988505,0.039945,1.040409,1.191908,97.750270,81.011560
3.303370,3.142297,2.555793,0.186648,-0.986943,0.039545,1.040068,1.194943,97.753309,80.805818
3.313380,3.142436,2.557462,0.186153,-0.985281,0.039149,1.039734,1.197969,97.756339,80.601736
3.323390,3.142592,2.559122,0.185665,-0.983520,0.038757,1.039407,1.200985,97.759360,80.399293
3.333400,3.142767,2.560773,0.185185,-0.981661,0.038370,1.039086,1.203993,97.762372,80.198469
3.343410,3.142960,2.562414,0.184713,-0.979704,0.037986,1.038772,1.206991,97.765375,79.999243
3.353420,3.143173,2.564047,0.184249,-0.977648,0.037605,1.038465,1.209981,97.768369,79.801596
3.363430,3.143408,2.565671,0.183793,-0.975495,0.037229,1.038164,1.212961,97.771354,79.605508
3.373440,3.143664,2.567285,0.183346,-0.973244,0.036856,1.037870,1.215933,97.774331,79.410960
3.383450,3.143944,2.568891,0.182908,-0.970895,0.036488,1.037581,1.218896,97.777298,79.217932
3.393459,3.144247,2.570488,0.182479,-0.968449,0.036122,1.037299,1.221850,97.780256,79.026407
3.403469,3.144576,2.572077,0.182059,-0.965906,0.035761,1.037023,1.224795,97.783206,78.836365
3.413479,3.144930,2.573657,0.181649,-0.963266,0.035403,1.036753,1.227732,97.786147,78.647790
3.423489,3.145311,2.575228,0.181248,-0.960530,0.035049,1.036489,1.230660,97.789080,78.460663
3.433499,3.145721,2.576791,0.180858,-0.957697,0.034698,1.036231,1.233580,97.792004,78.274966
3.443509,3.146159,2.578346,0.180478,-0.954768,0.034351,1.035978,1.236491,97.794919,78.090683
3.453519,3.146626,2.579892,0.180108,-0.951744,0.034007,1.035731,1.239394,97.797826,77.907797
3.463529,3.147125,2.581430,0.179750,-0.948625,0.033666,1.035490,1.242288,97.800725,77.726292
3.473539,3.147655,2.582960,0.179402,-0.945410,0.033330,1.035254,1.245174,97.803615,77.546150
3.483549,3.148218,2.584482,0.179065,-0.942101,0.032996,1.035024,1.248052,97.806497,77.367356
3.493559,3.148815,2.585996,0.178740,-0.938697,0.032666,1.034799,1.250921,97.809370,77.189894
3.503568,3.149446,2.587501,0.178426,-0.935199,0.032339,1.034580,1.253782,97.812235,77.013749
3.513578,3.150112,2.588999,0.178125,-0.931607,0.032015,1.034365,1.256635,97.815092,76.838905
3.523588,3.150815,2.590489,0.177835,-0.927923,0.031695,1.034157,1.259480,97.817941,76.665347
3.533598,3.151556,2.591971,0.177558,-0.924145,0.031377,1.033953,1.262317,97.820782,76.493061
3.543608,3.152334,2.593445,0.177294,-0.920274,0.031063,1.033754,1.265145,97.823615,76.322031
3.553618,3.153152,2.594912,0.177042,-0.916312,0.030752,1.033561,1.267966,97.826440,76.152243
3.563628,3.154010,2.596371,0.176803,-0.912257,0.030445,1.033373,1.270779,97.829257,75.983684
3.573638,3.154909,2.597822,0.176578,-0.908111,0.030140,1.033190,1.273584,97.832066,75.816338
3.583648,3.155850,2.599266,0.176366,-0.903874,0.029838,1.033012,1.276381,97.834867,75.650194
3.593658,3.156834,2.600702,0.176167,-0.899547,0.029540,1.032838,1.279171,97.837660,75.485236
3.603668,3.157861,2.602131,0.175983,-0.895129,0.029244,1.032670,1.281952,97.840446,75.321452
3.613677,3.158933,2.603553,0.175813,-0.890622,0.028951,1.032507,1.284726,97.843223,75.158829
3.623687,3.160051,2.604967,0.175657,-0.886026,0.028662,1.032348,1.287492,97.845993,74.997353
3.633697,3.161215,2.606374,0.175515,-0.881340,0.028375,1.032195,1.290251,97.848756,74.837012
3.643707,3.162427,2.607774,0.175388,-0.876567,0.028091,1.032046,1.293002,97.851511,74.677794
3.653717,3.163687,2.609167,0.175277,-0.871705,0.027809,1.031902,1.295745,97.854258,74.519685
3.663727,3.164996,2.610552,0.175180,-0.866757,0.027531,1.031763,1.298481,97.856997,74.362675
3.673737,3.166355,2.611931,0.175098,-0.861721,0.027256,1.031629,1.301209,97.859730,74.206751
3.683747,3.167764,2.613303,0.175033,-0.856599,0.026983,1.031500,1.303930,97.862454,74.051900
3.693757,3.169226,2.614667,0.174982,-0.851391,0.026713,1.031375,1.306644,97.865172,73.898113
3.703767,3.170740,2.616025,0.174948,-0.846098,0.026445,1.031256,1.309350,97.867882,73.745376
3.713777,3.172307,2.617376,0.174930,-0.840720,0.026181,1.031141,1.312049,97.870584,73.593679
3.723786,3.173929,2.618720,0.174928,-0.835258,0.025919,1.031031,1.314741,97.873280,73.443010
3.733796,3.175606,2.620058,0.174942,-0.829713,0.025659,1.030925,1.317426,97.875968,73.293360
3.743806,3.177338,2.621389,0.174973,-0.824084,0.025402,1.030825,1.320103,97.878649,73.144716
3.753816,3.179128,2.622713,0.175021,-0.818372,0.025148,1.030729,1.322773,97.881323,72.997068
3.763826,3.180975,2.624030,0.175086,-0.812579,0.024896,1.030639,1.325436,97.883989,72.850406
3.773836,3.182880,2.625341,0.175168,-0.806704,0.024647,1.030553,1.328092,97.886649,72.704720
3.783846,3.184845,2.626646,0.175267,-0.800748,0.024400,1.030472,1.330741,97.889301,72.559998
3.793856,3.186869,2.627944,0.175384,-0.794712,0.024156,1.030396,1.333383,97.891947,72.416232
3.803866,3.188955,2.629236,0.175518,-0.788597,0.023914,1.030325,1.336018,97.894585,72.273411
3.813876,3.191102,2.630521,0.175670,-0.782402,0.023675,1.030259,1.338646,97.897217,72.131525
3.823886,3.193311,2.631800,0.175840,-0.776129,0.023438,1.030199,1.341267,97.899841,71.990565
3.833895,3.195584,2.633073,0.176028,-0.769778,0.023203,1.030143,1.343881,97.902459,71.850521
3.843905,3.197921,2.634340,0.176234,-0.763350,0.022971,1.030093,1.346489,97.905070,71.711384
3.853915,3.200322,2.635600,0.176458,-0.756846,0.022741,1.030047,1.349090,97.907674,71.573144
3.863925,3.202789,2.636855,0.176700,-0.750266,0.022514,1.030008,1.351684,97.910272,71.435794
3.873935,3.205322,2.638103,0.176962,-0.743610,0.022288,1.029973,1.354271,97.912862,71.299322
3.883945,3.207922,2.639345,0.177241,-0.736880,0.022065,1.029944,1.356851,97.915446,71.163721
3.893955,3.210590,2.640581,0.177540,-0.730077,0.021844,1.029921,1.359425,97.918023,71.028982
3.903965,3.213326,2.641812,0.177858,-0.723200,0.021626,1.029903,1.361993,97.920594,70.895096
3.913975,3.216131,2.643036,0.178194,-0.716250,0.021409,1.029891,1.364553,97.923158,70.762055
3.923985,3.219007,2.644254,0.178550,-0.709229,0.021195,1.029884,1.367108,97.925716,70.629850
3.933995,3.221953,2.645467,0.178924,-0.702137,0.020983,1.029884,1.369655,97.928267,70.498474
3.944005,3.224970,2.646674,0.179318,-0.694975,0.020773,1.029890,1.372197,97.930811,70.367917
3.954014,3.228060,2.647875,0.179732,-0.687742,0.020565,1.029902,1.374731,97.933349,70.238172
3.964024,3.231222,2.649071,0.180164,-0.680441,0.020359,1.029920,1.377260,97.935881,70.109230
3.974034,3.234457,2.650260,0.180617,-0.673072,0.020155,1.029945,1.379782,97.938406,69.981085
3.984044,3.237767,2.651444,0.181089,-0.665635,0.019953,1.029976,1.382297,97.940925,69.853728
3.994054,3.241151,2.652623,0.181580,-0.658132,0.019754,1.030015,1.384807,97.943437,69.727151
4.004064,3.244611,2.653796,0.182091,-0.650563,0.019556,1.030060,1.387310,97.945944,69.601347
4.014074,3.248147,2.654964,0.182622,-0.642928,0.019360,1.030113,1.389807,97.948444,69.476309
4.024084,3.251760,2.656126,0.183173,-0.635229,0.019166,1.030172,1.392297,97.950937,69.352029
4.034094,3.255450,2.657282,0.183744,-0.627467,0.018975,1.030240,1.394782,97.953425,69.228501
4.044104,3.259218,2.658433,0.184334,-0.619641,0.018785,1.030315,1.397260,97.955906,69.105715
4.054114,3.263065,2.659579,0.184944,-0.611754,0.018597,1.030399,1.399732,97.958382,68.983667
4.064123,3.266991,2.660720,0.185575,-0.603805,0.018410,1.030491,1.402198,97.960851,68.862348
4.074133,3.270997,2.661855,0.186225,-0.595795,0.018226,1.030591,1.404658,97.963314,68.741752
4.084143,3.275083,2.662985,0.186896,-0.587726,0.018044,1.030701,1.407112,97.965771,68.621873
4.094153,3.279251,2.664110,0.187586,-0.579598,0.017863,1.030820,1.409560,97.968222,68.502702
4.104163,3.283500,2.665229,0.188296,-0.571412,0.017684,1.030948,1.412002,97.970667,68.384234
4.114173,3.287831,2.666344,0.189027,-0.563169,0.017507,1.031087,1.414438,97.973106,68.266463
4.124183,3.292245,2.667453,0.189777,-0.554870,0.017332,1.031236,1.416868,97.975539,68.149381
4.134193,3.296743,2.668557,0.190547,-0.546514,0.017159,1.031396,1.419292,97.977966,68.032982
4.144203,3.301324,2.669657,0.191338,-0.538104,0.016987,1.031568,1.421710,97.980387,67.917260
4.154213,3.305990,2.670751,0.192148,-0.529640,0.016817,1.031751,1.424123,97.982802,67.802209
4.164223,3.310741,2.671840,0.192978,-0.521123,0.016648,1.031947,1.426530,97.985212,67.687823
4.174232,3.315577,2.672924,0.193828,-0.512554,0.016482,1.032156,1.428930,97.987616,67.574095
4.184242,3.320500,2.674004,0.194698,-0.503933,0.016317,1.032379,1.431326,97.990014,67.461020
4.194252,3.325509,2.675078,0.195588,-0.495262,0.016153,1.032616,1.433715,97.992406,67.348592
4.204262,3.330605,2.676148,0.196498,-0.486542,0.015992,1.032868,1.436099,97.994793,67.236804
4.214272,3.335788,2.677213,0.197427,-0.477772,0.015832,1.033136,1.438477,97.997174,67.125651
4.224282,3.341060,2.678273,0.198376,-0.468955,0.015673,1.033422,1.440849,97.999549,67.015128
4.234292,3.346420,2.679328,0.199345,-0.460090,0.015516,1.033724,1.443216,98.001919,66.905228
4.244302,3.351869,2.680379,0.200333,-0.451180,0.015361,1.034046,1.445577,98.004283,66.795946
4.254312,3.357407,2.681425,0.201341,-0.442224,0.015207,1.034388,1.447933,98.006641,66.687277
4.264322,3.363036,2.682466,0.202368,-0.433224,0.015055,1.034751,1.450283,98.008994,66.579215
4.274332,3.368754,2.683503,0.203414,-0.424181,0.014904,1.035137,1.452628,98.011341,66.471755
4.284341,3.374564,2.684535,0.204479,-0.415095,0.014755,1.035546,1.454967,98.013683,66.364891
4.294351,3.380464,2.685562,0.205564,-0.405968,0.014607,1.035982,1.457301,98.016020,66.258619
4.304361,3.386456,2.686585,0.206668,-0.396800,0.014461,1.036445,1.459629,98.018351,66.152932
4.314371,3.392540,2.687604,0.207790,-0.387592,0.014316,1.036937,1.461952,98.020676,66.047827
4.324381,3.398716,2.688618,0.208931,-0.378345,0.014173,1.037461,1.464269,98.022996,65.943297
4.334391,3.404986,2.689627,0.210091,-0.369061,0.014031,1.038019,1.466581,98.025311,65.839338
4.344401,3.411348,2.690632,0.211270,-0.359739,0.013891,1.038614,1.468888,98.027621,65.735946
4.354411,3.417804,2.691633,0.212467,-0.350381,0.013752,1.039248,1.471189,98.029925,65.633114
4.364421,3.424353,2.692629,0.213682,-0.340989,0.013614,1.039925,1.473485,98.032224,65.530838
4.374431,3.430997,2.693621,0.214916,-0.331562,0.013478,1.040649,1.475776,98.034517,65.429114
4.384441,3.437735,2.694609,0.216167,-0.322101,0.013343,1.041425,1.478062,98.036806,65.327937
4.394450,3.444569,2.695592,0.217437,-0.312609,0.013209,1.042255,1.480342,98.039089,65.227302
4.404460,3.451497,2.696572,0.218724,-0.303085,0.013077,1.043147,1.482618,98.041366,65.127204
4.414470,3.458521,2.697547,0.220029,-0.293531,0.012946,1.044105,1.484888,98.043639,65.027639
4.424480,3.465640,2.698517,0.221351,-0.283948,0.012817,1.045137,1.487153,98.045907,64.928603
4.434490,3.472856,2.699484,0.222691,-0.274336,0.012688,1.046251,1.489413,98.048169,64.830091
4.444500,3.480168,2.700446,0.224047,-0.264696,0.012561,1.047456,1.491667,98.050426,64.732098
4.454510,3.487577,2.701405,0.225421,-0.255030,0.012436,1.048761,1.493917,98.052679,64.634621
4.464520,3.495082,2.702359,0.226811,-0.245339,0.012311,1.050180,1.496162,98.054926,64.537654
4.474530,3.502685,2.703309,0.228218,-0.235623,0.012188,1.051726,1.498401,98.057168,64.441194
4.484540,3.510385,2.704255,0.229641,-0.225883,0.012066,1.053416,1.500636,98.059405,64.345237
4.494550,3.518183,2.705198,0.231081,-0.216121,0.011945,1.055270,1.502865,98.061637,64.249778
4.504559,3.526078,2.706136,0.232537,-0.206337,0.011825,1.057312,1.505090,98.063864,64.154813
4.514569,3.534072,2.707070,0.234008,-0.196532,0.011707,1.059568,1.507310,98.066087,64.060339
4.524579,3.542164,2.708000,0.235496,-0.186708,0.011590,1.062075,1.509525,98.068304,63.966350
4.534589,3.550354,2.708926,0.236998,-0.176864,0.011474,1.064874,1.511734,98.070516,63.872844
4.544599,3.558643,2.709849,0.238516,-0.167004,0.011359,1.068017,1.513940,98.072724,63.779816
4.554609,3.567030,2.710767,0.240049,-0.157126,0.011245,1.071569,1.516140,98.074926,63.687263
4.564619,3.575517,2.711682,0.241597,-0.147233,0.011133,1.075613,1.518335,98.077124,63.595180
4.574629,3.584103,2.712593,0.243160,-0.137325,0.011021,1.080257,1.520526,98.079317,63.503563
4.584639,3.592788,2.713500,0.244737,-0.127403,0.010911,1.085642,1.522711,98.081505,63.412410
4.594649,3.601572,2.714403,0.246328,-0.117468,0.010802,1.091955,1.524892,98.083689,63.321716
4.604659,3.610456,2.715303,0.247933,-0.107522,0.010694,1.099455,1.527069,98.085867,63.231477
4.614668,3.619439,2.716199,0.249553,-0.097565,0.010587,1.108508,1.529240,98.088041,63.141691
4.624678,3.628522,2.717091,0.251185,-0.087598,0.010481,1.119644,1.531407,98.090210,63.052353
4.634688,3.637705,2.717979,0.252831,-0.077623,0.010376,1.133669,1.533569,98.092375,62.963459
4.644698,3.646988,2.718864,0.254491,-0.067639,0.010272,1.151863,1.535726,98.094535,62.875007
4.654708,3.656371,2.719745,0.256163,-0.057649,0.010169,1.176396,1.537879,98.096690,62.786993
4.664718,3.665854,2.720623,0.257847,-0.047653,0.010067,1.211262,1.540027,98.098840,62.699413
4.674728,3.675437,2.721497,0.259545,-0.037652,0.009966,1.264698,1.542171,98.100986,62.612264
4.684738,3.685120,2.722367,0.261254,-0.027648,0.009867,1.356873,1.544310,98.103127,62.525542
4.694748,3.694903,2.723234,0.262976,-0.017640,0.009768,1.553728,1.546444,98.105264,62.439245
4.704758,3.704787,2.724097,0.264709,-0.007631,0.009670,2.267178,1.548574,98.107396,62.353369
4.714768,3.714770,2.724957,0.266453,0.002379,0.009573,3.024809,1.550700,98.109524,62.267910
4.724777,3.724854,2.725813,0.268209,0.012388,0.009478,0.234955,1.552820,98.111647,62.182866
4.734787,3.735038,2.726666,0.269976,0.022397,0.009383,0.581067,1.554937,98.113766,62.098233
4.744797,3.745322,2.727516,0.271754,0.032403,0.009289,0.713334,1.557049,98.115880,62.014008
4.754807,3.755707,2.728362,0.273542,0.042406,0.009196,0.783148,1.559156,98.117990,61.930188
4.764817,3.766191,2.729204,0.275341,0.052404,0.009104,0.826279,1.561259,98.120095,61.846770
4.774827,3.776776,2.730043,0.277150,0.062397,0.009013,0.855562,1.563358,98.122196,61.763750
4.784837,3.787460,2.730879,0.278968,0.072385,0.008922,0.876737,1.565452,98.124292,61.681127
4.794847,3.798245,2.731712,0.280796,0.082364,0.008833,0.892757,1.567542,98.126384,61.598896
4.804857,3.809129,2.732541,0.282634,0.092336,0.008745,0.905296,1.569627,98.128472,61.517055
4.814867,3.820113,2.733367,0.284480,0.102298,0.008657,0.915374,1.571708,98.130555,61.435601
4.824877,3.831197,2.734189,0.286335,0.112251,0.008570,0.923649,1.573785,98.132634,61.354530
4.834886,3.842380,2.735009,0.288199,0.122191,0.008485,0.930563,1.575858,98.134709,61.273841
4.844896,3.853663,2.735825,0.290072,0.132120,0.008400,0.936424,1.577926,98.136779,61.193530
4.854906,3.865045,2.736637,0.291952,0.142035,0.008316,0.941454,1.579990,98.138845,61.113594
4.864916,3.876526,2.737447,0.293840,0.151937,0.008232,0.945817,1.582049,98.140907,61.034031
4.874926,3.888106,2.738254,0.295736,0.161822,0.008150,0.949636,1.584105,98.142965,60.954837
4.884936,3.899785,2.739057,0.297639,0.171692,0.008068,0.953007,1.586156,98.145018,60.876011
4.894946,3.911563,2.739857,0.299549,0.181545,0.007988,0.956002,1.588203,98.147067,60.797549
4.904956,3.923440,2.740654,0.301467,0.191379,0.007908,0.958681,1.590246,98.149112,60.719449
4.914966,3.935414,2.741448,0.303390,0.201194,0.007828,0.961090,1.592285,98.151153,60.641707
4.924976,3.947487,2.742238,0.305321,0.210989,0.007750,0.963268,1.594319,98.153189,60.564322
4.934986,3.959658,2.743026,0.307257,0.220763,0.007673,0.965245,1.596350,98.155222,60.487291
4.944995,3.971927,2.743811,0.309199,0.230515,0.007596,0.967049,1.598376,98.157250,60.410611
4.955005,3.984293,2.744592,0.311147,0.240243,0.007520,0.968700,1.600398,98.159275,60.334280
4.965015,3.996756,2.745371,0.313100,0.249948,0.007444,0.970216,1.602416,98.161295,60.258295
4.975025,4.009316,2.746146,0.315059,0.259627,0.007370,0.971614,1.604430,98.163311,60.182653
4.985035,4.021973,2.746919,0.317022,0.269281,0.007296,0.972905,1.606440,98.165323,60.107353
4.995045,4.034727,2.747688,0.318990,0.278907,0.007223,0.974102,1.608446,98.167331,60.032391
5.005055,4.047577,2.748455,0.320963,0.288506,0.007151,0.975214,1.610448,98.169335,59.957765
5.015065,4.060523,2.749219,0.322940,0.298076,0.007079,0.976250,1.612446,98.171335,59.883473
5.025075,4.073564,2.749979,0.324921,0.307615,0.007008,0.977217,1.614440,98.173331,59.809513
5.035085,4.086701,2.750737,0.326905,0.317124,0.006938,0.978122,1.616430,98.175323,59.735882
5.045095,4.099932,2.751492,0.328893,0.326601,0.006869,0.978969,1.618416,98.177311,59.662578
5.055105,4.113259,2.752244,0.330885,0.336046,0.006800,0.979765,1.620399,98.179295,59.589598
5.065114,4.126680,2.752993,0.332879,0.345457,0.006732,0.980513,1.622377,98.181275,59.516940
5.075124,4.140195,2.753740,0.334877,0.354833,0.006665,0.981218,1.624351,98.183252,59.444602
5.085134,4.153803,2.754483,0.336877,0.364174,0.006598,0.981883,1.626321,98.185224,59.372582
5.095144,4.167505,2.755224,0.338879,0.373478,0.006532,0.982511,1.628288,98.187192,59.300877
5.105154,4.181300,2.755962,0.340884,0.382744,0.006466,0.983105,1.630251,98.189157,59.229486
5.115164,4.195187,2.756697,0.342891,0.391973,0.006402,0.983668,1.632209,98.191118,59.158405
5.125174,4.209167,2.757429,0.344899,0.401162,0.006338,0.984202,1.634164,98.193075,59.087634
5.135184,4.223238,2.758159,0.346909,0.410311,0.006274,0.984709,1.636116,98.195028,59.017169
5.145194,4.237401,2.758886,0.348920,0.419419,0.006211,0.985191,1.638063,98.196977,58.947008
5.155204,4.251654,2.759610,0.350933,0.428484,0.006149,0.985649,1.640007,98.198923,58.877150
5.165214,4.265999,2.760331,0.352946,0.437507,0.006088,0.986086,1.641946,98.200864,58.807593
5.175223,4.280433,2.761050,0.354960,0.446486,0.006027,0.986502,1.643883,98.202802,58.738334
5.185233,4.294957,2.761766,0.356975,0.455420,0.005966,0.986899,1.645815,98.204737,58.669371
5.195243,4.309570,2.762480,0.358989,0.464309,0.005907,0.987279,1.647743,98.206667,58.600703
5.205253,4.324272,2.763191,0.361004,0.473151,0.005847,0.987641,1.649668,98.208594,58.532326
5.215263,4.339062,2.763899,0.363019,0.481946,0.005789,0.987988,1.651590,98.210517,58.464240
5.225273,4.353940,2.764604,0.365034,0.490692,0.005731,0.988321,1.653507,98.212436,58.396443
5.235283,4.368905,2.765307,0.367048,0.499389,0.005674,0.988639,1.655421,98.214352,58.328931
5.245293,4.383957,2.766008,0.369061,0.508037,0.005617,0.988944,1.657331,98.216264,58.261705
5.255303,4.399096,2.766705,0.371074,0.516633,0.005561,0.989237,1.659238,98.218172,58.194760
5.265313,4.414320,2.767401,0.373086,0.525177,0.005505,0.989518,1.661141,98.220077,58.128097
5.275323,4.429629,2.768093,0.375096,0.533669,0.005450,0.989788,1.663040,98.221978,58.061712
5.285332,4.445023,2.768783,0.377105,0.542108,0.005395,0.990048,1.664936,98.223876,57.995603
5.295342,4.460502,2.769471,0.379112,0.550492,0.005341,0.990297,1.666828,98.225770,57.929770
5.305352,4.476064,2.770156,0.381118,0.558821,0.005288,0.990538,1.668716,98.227660,57.864211
5.315362,4.491709,2.770839,0.383122,0.567094,0.005235,0.990769,1.670601,98.229547,57.798922
5.325372,4.507437,2.771519,0.385123,0.575310,0.005182,0.990992,1.672483,98.231430,57.733903
5.335382,4.523246,2.772196,0.387122,0.583468,0.005131,0.991207,1.674360,98.233310,57.669152
5.345392,4.539137,2.772872,0.389119,0.591569,0.005079,0.991414,1.676235,98.235186,57.604667
5.355402,4.555109,2.773544,0.391113,0.599609,0.005028,0.991614,1.678106,98.237058,57.540446
5.365412,4.571161,2.774215,0.393105,0.607590,0.004978,0.991807,1.679973,98.238928,57.476488
5.375422,4.587292,2.774883,0.395094,0.615510,0.004928,0.991993,1.681837,98.240793,57.412791
5.385432,4.603503,2.775548,0.397079,0.623368,0.004879,0.992173,1.683697,98.242655,57.349352
5.395441,4.619792,2.776212,0.399061,0.631164,0.004830,0.992347,1.685554,98.244514,57.286172
5.405451,4.636158,2.776872,0.401040,0.638896,0.004782,0.992516,1.687408,98.246369,57.223247
5.415461,4.652602,2.777531,0.403016,0.646564,0.004734,0.992679,1.689258,98.248221,57.160576
5.425471,4.669122,2.778187,0.404987,0.654168,0.004686,0.992836,1.691105,98.250070,57.098157
5.435481,4.685718,2.778841,0.406955,0.661706,0.004640,0.992989,1.692948,98.251915,57.035990
5.445491,4.702389,2.779492,0.408919,0.669178,0.004593,0.993136,1.694788,98.253756,56.974071
5.455501,4.719134,2.780141,0.410879,0.676583,0.004547,0.993279,1.696624,98.255594,56.912401
5.465511,4.735953,2.780788,0.412835,0.683920,0.004502,0.993418,1.698458,98.257429,56.850976
5.475521,4.752846,2.781432,0.414786,0.691188,0.004457,0.993552,1.700287,98.259261,56.789796
5.485531,4.769811,2.782075,0.416733,0.698387,0.004412,0.993683,1.702114,98.261089,56.728859
5.495541,4.786847,2.782715,0.418675,0.705516,0.004368,0.993809,1.703937,98.262914,56.668163
5.505550,4.803954,2.783352,0.420612,0.712575,0.004324,0.993932,1.705757,98.264735,56.607707
5.515560,4.821132,2.783988,0.422545,0.719562,0.004281,0.994051,1.707573,98.266553,56.547489
5.525570,4.838379,2.784621,0.424472,0.726477,0.004238,0.994167,1.709386,98.268368,56.487508
5.535580,4.855696,2.785252,0.426395,0.733319,0.004195,0.994279,1.711196,98.270180,56.427763
5.545590,4.873080,2.785881,0.428312,0.740088,0.004153,0.994388,1.713003,98.271988,56.368251
5.555600,4.890532,2.786508,0.430224,0.746783,0.004112,0.994494,1.714806,98.273793,56.308972
5.565610,4.908050,2.787132,0.432130,0.753402,0.004071,0.994597,1.716607,98.275595,56.249923
5.575620,4.925634,2.787754,0.434031,0.759947,0.004030,0.994697,1.718403,98.277393,56.191104
5.585630,4.943284,2.788375,0.435927,0.766415,0.003990,0.994794,1.720197,98.279189,56.132514
5.595640,4.960997,2.788992,0.437816,0.772806,0.003950,0.994889,1.721988,98.280981,56.074149
5.605650,4.978775,2.789608,0.439700,0.779120,0.003910,0.994981,1.723775,98.282770,56.016010
5.615659,4.996615,2.790222,0.441578,0.785356,0.003871,0.995071,1.725559,98.284555,55.958095
5.625669,5.014517,2.790834,0.443449,0.791513,0.003832,0.995158,1.727340,98.286338,55.900403
5.635679,5.032480,2.791443,0.445315,0.797591,0.003794,0.995243,1.729118,98.288117,55.842931
5.645689,5.050504,2.792051,0.447174,0.803589,0.003756,0.995326,1.730892,98.289894,55.785679
5.655699,5.068587,2.792656,0.449027,0.809506,0.003718,0.995407,1.732664,98.291667,55.728646
5.665709,5.086730,2.793259,0.450873,0.815342,0.003681,0.995485,1.734432,98.293436,55.671829
5.675719,5.104930,2.793860,0.452713,0.821097,0.003644,0.995562,1.736197,98.295203,55.615228
5.685729,5.123187,2.794459,0.454547,0.826769,0.003608,0.995636,1.737959,98.296967,55.558842
5.695739,5.141501,2.795056,0.456373,0.832359,0.003572,0.995709,1.739718,98.298727,55.502669
5.705749,5.159871,2.795652,0.458193,0.837865,0.003536,0.995780,1.741474,98.300485,55.446708
5.715759,5.178295,2.796245,0.460007,0.843287,0.003500,0.995849,1.743227,98.302239,55.390957
5.725768,5.196773,2.796836,0.461813,0.848624,0.003465,0.995916,1.744977,98.303991,55.335415
5.735778,5.215304,2.797425,0.463612,0.853877,0.003431,0.995982,1.746723,98.305739,55.280081
5.745788,5.233887,2.798012,0.465405,0.859044,0.003396,0.996046,1.748467,98.307484,55.224955
5.755798,5.252521,2.798597,0.467190,0.864125,0.003362,0.996109,1.750208,98.309226,55.170033
5.765808,5.271206,2.799180,0.468968,0.869119,0.003329,0.996170,1.751945,98.310965,55.115316
5.775818,5.289940,2.799761,0.470739,0.874027,0.003295,0.996230,1.753680,98.312701,55.060802
5.785828,5.308723,2.800340,0.472502,0.878846,0.003262,0.996288,1.755411,98.314434,55.006490
5.795838,5.327554,2.800917,0.474258,0.883578,0.003230,0.996345,1.757140,98.316165,54.952378
5.805848,5.346432,2.801493,0.476007,0.888221,0.003197,0.996400,1.758866,98.317892,54.898466
5.815858,5.365356,2.802066,0.477748,0.892775,0.003165,0.996454,1.760588,98.319616,54.844752
5.825868,5.384325,2.802637,0.479482,0.897240,0.003134,0.996507,1.762308,98.321337,54.791236
5.835877,5.403338,2.803207,0.481208,0.901615,0.003102,0.996559,1.764025,98.323055,54.737915
5.845887,5.422394,2.803775,0.482927,0.905899,0.003071,0.996610,1.765738,98.324770,54.684789
5.855897,5.441493,2.804340,0.484638,0.910093,0.003041,0.996659,1.767449,98.326483,54.631857
5.865907,5.460634,2.804904,0.486341,0.914195,0.003010,0.996707,1.769157,98.328192,54.579117
5.875917,5.479815,2.805466,0.488036,0.918206,0.002980,0.996755,1.770862,98.329899,54.526568
5.885927,5.499035,2.806026,0.489724,0.922125,0.002950,0.996801,1.772564,98.331602,54.474210
5.895937,5.518295,2.806585,0.491404,0.925952,0.002921,0.996846,1.774263,98.333303,54.422041
5.905947,5.537592,2.807141,0.493076,0.929685,0.002891,0.996890,1.775960,98.335001,54.370060
5.915957,5.556927,2.807696,0.494739,0.933326,0.002862,0.996933,1.777653,98.336695,54.318267
5.925967,5.576297,2.808249,0.496395,0.936873,0.002834,0.996975,1.779344,98.338387,54.266658
5.935977,5.595702,2.808800,0.498043,0.940326,0.002805,0.997017,1.781032,98.340077,54.215235
5.945986,5.615142,2.809349,0.499683,0.943685,0.002777,0.997057,1.782716,98.341763,54.163996
5.955996,5.634614,2.809896,0.501315,0.946950,0.002750,0.997096,1.784399,98.343446,54.112939
5.966006,5.654119,2.810442,0.502939,0.950119,0.002722,0.997135,1.786078,98.345127,54.062064
5.976016,5.673655,2.810986,0.504555,0.953193,0.002695,0.997173,1.787754,98.346805,54.011370
5.986026,5.693221,2.811528,0.506162,0.956172,0.002668,0.997210,1.789428,98.348480,53.960855
5.996036,5.712817,2.812068,0.507762,0.959055,0.002641,0.997246,1.791099,98.350152,53.910518
6.006046,5.732441,2.812607,0.509353,0.961842,0.002615,0.997282,1.792767,98.351822,53.860360
6.016056,5.752092,2.813144,0.510936,0.964533,0.002589,0.997316,1.794432,98.353488,53.810378
6.026066,5.771770,2.813679,0.512510,0.967126,0.002563,0.997350,1.796094,98.355152,53.760571
6.036076,5.791473,2.814212,0.514077,0.969623,0.002537,0.997384,1.797754,98.356813,53.710939
6.046086,5.811201,2.814744,0.515635,0.972023,0.002512,0.997416,1.799411,98.358472,53.661480
6.056095,5.830952,2.815274,0.517185,0.974326,0.002486,0.997448,1.801065,98.360127,53.612194
6.066105,5.850726,2.815802,0.518726,0.976531,0.002462,0.997479,1.802717,98.361780,53.563080
6.076115,5.870522,2.816329,0.520259,0.978638,0.002437,0.997510,1.804366,98.363430,53.514136
6.086125,5.890338,2.816853,0.521784,0.980646,0.002412,0.997540,1.806012,98.365078,53.465362
6.096135,5.910174,2.817377,0.523301,0.982557,0.002388,0.997569,1.807655,98.366722,53.416757
6.106145,5.930028,2.817898,0.524809,0.984369,0.002364,0.997598,1.809296,98.368364,53.368320
6.116155,5.949900,2.818418,0.526308,0.986083,0.002341,0.997626,1.810934,98.370004,53.320049
6.126165,5.969789,2.818936,0.527800,0.987698,0.002317,0.997654,1.812569,98.371640,53.271945
6.136175,5.989693,2.819453,0.529283,0.989213,0.002294,0.997681,1.814202,98.373274,53.224005
6.146185,6.009612,2.819968,0.530757,0.990630,0.002271,0.997707,1.815832,98.374906,53.176230
6.156195,6.029545,2.820481,0.532223,0.991948,0.002248,0.997733,1.817459,98.376534,53.128618
6.166205,6.049490,2.820993,0.533681,0.993166,0.002226,0.997759,1.819083,98.378160,53.081168
6.176214,6.069447,2.821503,0.535130,0.994284,0.002204,0.997784,1.820706,98.379784,53.033880
6.186224,6.089415,2.822011,0.536571,0.995303,0.002182,0.997808,1.822325,98.381404,52.986752
6.196234,6.109393,2.822518,0.538004,0.996222,0.002160,0.997832,1.823942,98.383023,52.939784
6.206244,6.129379,2.823023,0.539428,0.997041,0.002138,0.997856,1.825556,98.384638,52.892975
6.216254,6.149373,2.823527,0.540843,0.997761,0.002117,0.997879,1.827167,98.386251,52.846323
6.226264,6.169373,2.824029,0.542250,0.998380,0.002096,0.997901,1.828776,98.387861,52.799829
6.236274,6.189380,2.824529,0.543649,0.998900,0.002075,0.997923,1.830383,98.389469,52.753491
6.246284,6.209391,2.825028,0.545039,0.999319,0.002054,0.997945,1.831987,98.391074,52.707308
6.256294,6.229405,2.825526,0.546421,0.999638,0.002033,0.997966,1.833588,98.392677,52.661280
6.266304,6.249423,2.826022,0.547795,0.999858,0.002013,0.997987,1.835187,98.394277,52.615406
6.276314,6.269442,2.826516,0.549160,0.999976,0.001993,0.998007,1.836783,98.395874,52.569684
6.286323,6.289462,2.827009,0.550517,0.999995,0.001973,0.998027,1.838376,98.397469,52.524115
6.296333,6.309481,2.827500,0.551865,0.999914,0.001953,0.998047,1.839967,98.399061,52.478697
6.306343,6.329499,2.827990,0.553205,0.999732,0.001933,0.998066,1.841556,98.400651,52.433429
6.316353,6.349515,2.828478,0.554536,0.999450,0.001914,0.998085,1.843142,98.402238,52.388311
6.326363,6.369527,2.828965,0.555860,0.999068,0.001895,0.998103,1.844726,98.403823,52.343342
6.336373,6.389536,2.829450,0.557174,0.998586,0.001876,0.998121,1.846307,98.405405,52.298520
6.346383,6.409538,2.829933,0.558481,0.998004,0.001857,0.998139,1.847885,98.406985,52.253846
6.356393,6.429535,2.830416,0.559779,0.997322,0.001839,0.998156,1.849461,98.408562,52.209319
6.366403,6.449524,2.830896,0.561069,0.996539,0.001820,0.998173,1.851035,98.410137,52.164937
6.376413,6.469505,2.831376,0.562350,0.995657,0.001802,0.998190,1.852606,98.411710,52.120700
6.386423,6.489476,2.831854,0.563624,0.994676,0.001784,0.998207,1.854174,98.413279,52.076608
6.396432,6.509438,2.832330,0.564889,0.993594,0.001766,0.998223,1.855740,98.414847,52.032658
6.406442,6.529388,2.832805,0.566145,0.992413,0.001748,0.998238,1.857304,98.416412,51.988852
6.416452,6.549325,2.833278,0.567394,0.991133,0.001731,0.998254,1.858865,98.417974,51.945187
6.426462,6.569249,2.833750,0.568634,0.989753,0.001714,0.998269,1.860424,98.419534,51.901664
6.436472,6.589159,2.834221,0.569866,0.988275,0.001696,0.998283,1.861981,98.421092,51.858281
6.446482,6.609054,2.834690,0.571090,0.986697,0.001679,0.998298,1.863535,98.422647,51.815037
6.456492,6.628932,2.835158,0.572306,0.985020,0.001663,0.998312,1.865086,98.424200,51.771933
6.466502,6.648793,2.835624,0.573513,0.983245,0.001646,0.998326,1.866635,98.425750,51.728967
6.476512,6.668636,2.836089,0.574712,0.981371,0.001630,0.998340,1.868182,98.427298,51.686139
6.486522,6.688460,2.836552,0.575903,0.979398,0.001613,0.998353,1.869726,98.428844,51.643447
6.496532,6.708263,2.837015,0.577087,0.977328,0.001597,0.998366,1.871268,98.430387,51.600891
6.506541,6.728045,2.837475,0.578262,0.975160,0.001581,0.998379,1.872808,98.431928,51.558471
6.516551,6.747805,2.837935,0.579428,0.972893,0.001565,0.998391,1.874345,98.433466,51.516186
6.526561,6.767542,2.838393,0.580587,0.970530,0.001550,0.998403,1.875880,98.435002,51.474035
6.536571,6.787254,2.838849,0.581738,0.968069,0.001534,0.998415,1.877413,98.436536,51.432017
6.546581,6.806942,2.839304,0.582881,0.965511,0.001519,0.998427,1.878943,98.438067,51.390131
6.556591,6.826603,2.839758,0.584016,0.962857,0.001503,0.998439,1.880471,98.439597,51.348378
6.566601,6.846238,2.840211,0.585143,0.960106,0.001488,0.998450,1.881996,98.441123,51.306756
6.576611,6.865844,2.840662,0.586262,0.957259,0.001474,0.998461,1.883520,98.442648,51.265265
6.586621,6.885421,2.841112,0.587373,0.954316,0.001459,0.998471,1.885040,98.444170,51.223904
6.596631,6.904969,2.841560,0.588476,0.951277,0.001444,0.998482,1.886559,98.445689,51.182672
6.606641,6.924485,2.842008,0.589571,0.948143,0.001430,0.998492,1.888075,98.447207,51.141569
6.616650,6.943970,2.842453,0.590659,0.944914,0.001415,0.998502,1.889589,98.448722,51.100593
6.626660,6.963422,2.842898,0.591738,0.941590,0.001401,0.998512,1.891101,98.450235,51.059746
6.636670,6.982840,2.843341,0.592810,0.938172,0.001387,0.998521,1.892610,98.451745,51.019025
6.646680,7.002223,2.843783,0.593874,0.934660,0.001373,0.998531,1.894118,98.453254,50.978430
6.656690,7.021571,2.844224,0.594931,0.931054,0.001360,0.998540,1.895622,98.454760,50.937960
6.666700,7.040882,2.844663,0.595979,0.927355,0.001346,0.998549,1.897125,98.456263,50.897616
6.676710,7.060156,2.845101,0.597020,0.923563,0.001333,0.998557,1.898625,98.457765,50.857395
6.686720,7.079391,2.845538,0.598053,0.919679,0.001319,0.998566,1.900123,98.459264,50.817299
6.696730,7.098587,2.845973,0.599079,0.915702,0.001306,0.998574,1.901619,98.460761,50.777325
6.706740,7.117743,2.846408,0.600097,0.911634,0.001293,0.998582,1.903113,98.462256,50.737474
6.716750,7.136857,2.846841,0.601107,0.907474,0.001280,0.998590,1.904604,98.463748,50.697744
6.726759,7.155930,2.847272,0.602110,0.903224,0.001267,0.998597,1.906094,98.465239,50.658136
6.736769,7.174959,2.847703,0.603105,0.898882,0.001254,0.998604,1.907580,98.466727,50.618649
6.746779,7.193945,2.848132,0.604093,0.894451,0.001242,0.998612,1.909065,98.468213,50.579281
6.756789,7.212886,2.848560,0.605073,0.889930,0.001229,0.998618,1.910548,98.469696,50.540033
6.766799,7.231781,2.848986,0.606046,0.885320,0.001217,0.998625,1.912028,98.471178,50.500903
6.776809,7.250629,2.849412,0.607012,0.880622,0.001205,0.998632,1.913506,98.472657,50.461892
6.786819,7.269430,2.849836,0.607970,0.875835,0.001193,0.998638,1.914982,98.474134,50.422999
6.796829,7.288183,2.850259,0.608920,0.870960,0.001181,0.998644,1.916456,98.475609,50.384222
6.806839,7.306886,2.850681,0.609864,0.865998,0.001169,0.998650,1.917928,98.477082,50.345562
6.816849,7.325539,2.851102,0.610800,0.860949,0.001157,0.998656,1.919397,98.478552,50.307019
6.826859,7.344142,2.851521,0.611728,0.855814,0.001146,0.998661,1.920865,98.480021,50.268590
6.836868,7.362692,2.851939,0.612650,0.850594,0.001134,0.998666,1.922330,98.481487,50.230276
6.846878,7.381190,2.852356,0.613564,0.845288,0.001123,0.998671,1.923793,98.482951,50.192077
6.856888,7.399634,2.852772,0.614471,0.839897,0.001112,0.998676,1.925254,98.484413,50.153991
6.866898,7.418024,2.853187,0.615371,0.834422,0.001101,0.998681,1.926713,98.485873,50.116019
6.876908,7.436359,2.853600,0.616264,0.828864,0.001090,0.998685,1.928169,98.487331,50.078159
6.886918,7.454637,2.854012,0.617149,0.823222,0.001079,0.998690,1.929624,98.488786,50.040412
6.896928,7.472859,2.854423,0.618028,0.817498,0.001068,0.998694,1.931076,98.490240,50.002775
6.906938,7.491023,2.854833,0.618899,0.811692,0.001057,0.998697,1.932526,98.491691,49.965250
6.916948,7.509128,2.855242,0.619764,0.805805,0.001047,0.998701,1.933975,98.493141,49.927836
6.926958,7.527175,2.855650,0.620621,0.799837,0.001036,0.998705,1.935421,98.494588,49.890531
6.936968,7.545161,2.856056,0.621472,0.793789,0.001026,0.998708,1.936865,98.496033,49.853336
6.946977,7.563086,2.856461,0.622315,0.787662,0.001016,0.998711,1.938307,98.497476,49.816250
6.956987,7.580949,2.856866,0.623152,0.781455,0.001005,0.998713,1.939747,98.498917,49.779272
6.966997,7.598750,2.857269,0.623982,0.775170,0.000995,0.998716,1.941184,98.500356,49.742402
6.977007,7.616487,2.857670,0.624805,0.768808,0.000985,0.998718,1.942620,98.501792,49.705639
6.987017,7.634161,2.858071,0.625621,0.762368,0.000975,0.998720,1.944054,98.503227,49.668984
6.997027,7.651769,2.858471,0.626430,0.755852,0.000966,0.998722,1.945485,98.504660,49.632435
7.007037,7.669312,2.858869,0.627233,0.749260,0.000956,0.998724,1.946915,98.506090,49.595991
7.017047,7.686789,2.859267,0.628028,0.742594,0.000946,0.998725,1.948342,98.507519,49.559653
7.027057,7.704199,2.859663,0.628818,0.735853,0.000937,0.998727,1.949768,98.508945,49.523420
7.037067,7.721540,2.860058,0.629600,0.729038,0.000928,0.998728,1.951191,98.510370,49.487291
7.047077,7.738813,2.860452,0.630376,0.722150,0.000918,0.998728,1.952613,98.511792,49.451267
7.057086,7.756017,2.860845,0.631145,0.715189,0.000909,0.998729,1.954032,98.513213,49.415345
7.067096,7.773151,2.861237,0.631908,0.708158,0.000900,0.998729,1.955450,98.514631,49.379527
7.077106,7.790214,2.861628,0.632664,0.701055,0.000891,0.998729,1.956865,98.516048,49.343811
7.087116,7.807205,2.862018,0.633413,0.693881,0.000882,0.998729,1.958279,98.517462,49.308197
7.097126,7.824125,2.862406,0.634156,0.686639,0.000873,0.998728,1.959690,98.518874,49.272685
7.107136,7.840971,2.862794,0.634893,0.679327,0.000865,0.998727,1.961099,98.520285,49.237274
7.117146,7.857744,2.863181,0.635623,0.671948,0.000856,0.998726,1.962507,98.521693,49.201963
7.127156,7.874443,2.863566,0.636347,0.664501,0.000847,0.998725,1.963912,98.523100,49.166752
7.137166,7.891067,2.863950,0.637064,0.656987,0.000839,0.998723,1.965316,98.524504,49.131641
7.147176,7.907616,2.864334,0.637775,0.649408,0.000830,0.998721,1.966717,98.525907,49.096630
7.157186,7.924088,2.864716,0.638480,0.641764,0.000822,0.998719,1.968117,98.527307,49.061717
7.167195,7.940483,2.865097,0.639178,0.634055,0.000814,0.998716,1.969514,98.528706,49.026902
7.177205,7.956801,2.865478,0.639871,0.626283,0.000806,0.998713,1.970910,98.530103,48.992185
7.187215,7.973041,2.865857,0.640557,0.618448,0.000798,0.998710,1.972304,98.531497,48.957566
7.197225,7.989202,2.866235,0.641236,0.610551,0.000790,0.998707,1.973696,98.532890,48.923044
7.207235,8.005284,2.866612,0.641910,0.602593,0.000782,0.998703,1.975085,98.534281,48.888618
7.217245,8.021285,2.866988,0.642577,0.594575,0.000774,0.998698,1.976473,98.535670,48.854288
7.227255,8.037207,2.867363,0.643239,0.586497,0.000766,0.998694,1.977859,98.537057,48.820054
7.237265,8.053047,2.867737,0.643894,0.578360,0.000759,0.998688,1.979243,98.538442,48.785915
7.247275,8.068805,2.868110,0.644543,0.570165,0.000751,0.998683,1.980626,98.539825,48.751871
7.257285,8.084481,2.868482,0.645187,0.561913,0.000743,0.998677,1.982006,98.541206,48.717921
7.267295,8.100074,2.868853,0.645824,0.553605,0.000736,0.998671,1.983384,98.542585,48.684066
7.277305,8.115584,2.869223,0.646455,0.545241,0.000729,0.998664,1.984761,98.543963,48.650303
7.287314,8.131009,2.869592,0.647080,0.536823,0.000721,0.998656,1.986135,98.545338,48.616634
7.297324,8.146350,2.869960,0.647700,0.528351,0.000714,0.998648,1.987508,98.546712,48.583058
7.307334,8.161606,2.870327,0.648313,0.519826,0.000707,0.998640,1.988879,98.548084,48.549574
7.317344,8.176777,2.870693,0.648921,0.511249,0.000700,0.998631,1.990247,98.549453,48.516181
7.327354,8.191861,2.871058,0.649523,0.502621,0.000693,0.998621,1.991614,98.550821,48.482881
7.337364,8.206859,2.871422,0.650119,0.493942,0.000686,0.998611,1.992980,98.552187,48.449671
7.347374,8.221769,2.871785,0.650710,0.485214,0.000679,0.998600,1.994343,98.553552,48.416552
7.357384,8.236592,2.872148,0.651294,0.476437,0.000672,0.998589,1.995704,98.554914,48.383523
7.367394,8.251327,2.872509,0.651873,0.467613,0.000666,0.998577,1.997064,98.556275,48.350584
7.377404,8.265974,2.872869,0.652446,0.458741,0.000659,0.998564,1.998422,98.557633,48.317734
7.387414,8.280531,2.873228,0.653014,0.449824,0.000652,0.998550,1.999778,98.558990,48.284974
7.397423,8.294999,2.873587,0.653576,0.440861,0.000646,0.998535,2.001132,98.560345,48.252302
7.407433,8.309376,2.873944,0.654132,0.431855,0.000639,0.998520,2.002484,98.561698,48.219718
7.417443,8.323664,2.874300,0.654683,0.422805,0.000633,0.998503,2.003834,98.563050,48.187223
7.427453,8.337861,2.874656,0.655229,0.413713,0.000627,0.998486,2.005183,98.564399,48.154814
7.437463,8.351966,2.875010,0.655768,0.404579,0.000620,0.998467,2.006530,98.565747,48.122493
7.447473,8.365980,2.875364,0.656303,0.395405,0.000614,0.998447,2.007875,98.567093,48.090259
7.457483,8.379902,2.875717,0.656832,0.386191,0.000608,0.998426,2.009218,98.568437,48.058111
7.467493,8.393731,2.876068,0.657355,0.376939,0.000602,0.998403,2.010559,98.569779,48.026049
7.477503,8.407468,2.876419,0.657873,0.367648,0.000596,0.998379,2.011899,98.571120,47.994073
7.487513,8.421111,2.876769,0.658386,0.358321,0.000590,0.998354,2.013237,98.572458,47.962182
7.497523,8.434661,2.877118,0.658893,0.348958,0.000584,0.998327,2.014573,98.573795,47.930375
7.507532,8.448117,2.877466,0.659396,0.339560,0.000578,0.998297,2.015907,98.575130,47.898654
7.517542,8.461478,2.877813,0.659892,0.330128,0.000572,0.998266,2.017239,98.576464,47.867016
7.527552,8.474746,2.878159,0.660384,0.320663,0.000567,0.998233,2.018570,98.577795,47.835462
7.537562,8.487918,2.878505,0.660870,0.311166,0.000561,0.998197,2.019899,98.579125,47.803992
7.547572,8.500995,2.878849,0.661352,0.301637,0.000555,0.998159,2.021226,98.580453,47.772604
7.557582,8.513976,2.879193,0.661828,0.292079,0.000550,0.998118,2.022551,98.581779,47.741300
7.567592,8.526862,2.879535,0.662298,0.282491,0.000544,0.998073,2.023875,98.583104,47.710078
7.577602,8.539651,2.879877,0.662764,0.272875,0.000539,0.998025,2.025197,98.584426,47.678937
7.587612,8.552345,2.880218,0.663225,0.263231,0.000533,0.997974,2.026517,98.585747,47.647879
7.597622,8.564941,2.880558,0.663680,0.253561,0.000528,0.997917,2.027835,98.587067,47.616901
7.607632,8.577440,2.880897,0.664131,0.243866,0.000523,0.997856,2.029152,98.588384,47.586005
7.617641,8.589843,2.881235,0.664576,0.234146,0.000518,0.997790,2.030467,98.589700,47.555189
7.627651,8.602148,2.881573,0.665017,0.224403,0.000512,0.997717,2.031780,98.591014,47.524454
7.637661,8.614355,2.881909,0.665453,0.214637,0.000507,0.997637,2.033091,98.592326,47.493798
7.647671,8.626465,2.882245,0.665883,0.204850,0.000502,0.997549,2.034401,98.593637,47.463222
7.657681,8.638476,2.882579,0.666309,0.195042,0.000497,0.997451,2.035709,98.594946,47.432726
7.667691,8.650389,2.882913,0.666730,0.185215,0.000492,0.997343,2.037016,98.596253,47.402308
7.677701,8.662204,2.883246,0.667146,0.175369,0.000487,0.997222,2.038320,98.597559,47.371969
7.687711,8.673920,2.883579,0.667558,0.165506,0.000482,0.997086,2.039623,98.598862,47.341708
7.697721,8.685537,2.883910,0.667964,0.155626,0.000478,0.996932,2.040924,98.600164,47.311525
7.707731,8.697055,2.884240,0.668366,0.145730,0.000473,0.996756,2.042224,98.601465,47.281420
7.717741,8.708474,2.884570,0.668763,0.135820,0.000468,0.996554,2.043522,98.602763,47.251392
7.727750,8.719794,2.884899,0.669155,0.125896,0.000463,0.996320,2.044818,98.604060,47.221441
7.737760,8.731014,2.885227,0.669543,0.115960,0.000459,0.996044,2.046112,98.605356,47.191566
7.747770,8.742135,2.885554,0.669926,0.106012,0.000454,0.995717,2.047405,98.606649,47.161768
7.757780,8.753156,2.885880,0.670304,0.096053,0.000450,0.995320,2.048696,98.607941,47.132046
7.767790,8.764078,2.886206,0.670678,0.086085,0.000445,0.994830,2.049986,98.609232,47.102400
7.777800,8.774900,2.886531,0.671047,0.076108,0.000441,0.994211,2.051274,98.610520,47.072829
7.787810,8.785621,2.886854,0.671411,0.066123,0.000436,0.993403,2.052560,98.611807,47.043333
7.797820,8.796243,2.887177,0.671772,0.056132,0.000432,0.992307,2.053844,98.613093,47.013911
7.807830,8.806765,2.887500,0.672127,0.046136,0.000427,0.990734,2.055127,98.614376,46.984565
7.817840,8.817187,2.887821,0.672478,0.036134,0.000423,0.988288,2.056408,98.615658,46.955292
7.827850,8.827508,2.888142,0.672825,0.026129,0.000419,0.983965,2.057688,98.616939,46.926093
7.837859,8.837730,2.888461,0.673167,0.016121,0.000415,0.974271,2.058966,98.618218,46.896968
7.847869,8.847851,2.888780,0.673505,0.006112,0.000411,0.932818,2.060242,98.619495,46.867916
7.857879,8.857872,2.889099,0.673838,-0.003898,0.000407,1.104300,2.061517,98.620770,46.838937
7.867889,8.867792,2.889416,0.674167,-0.013907,0.000402,1.028939,2.062790,98.622044,46.810031
7.877899,8.877613,2.889733,0.674492,-0.023915,0.000398,1.016660,2.064061,98.623316,46.781196
7.887909,8.887334,2.890048,0.674813,-0.033921,0.000394,1.011628,2.065331,98.624587,46.752434
7.897919,8.896954,2.890363,0.675129,-0.043923,0.000390,1.008890,2.066599,98.625856,46.723744
7.907929,8.906474,2.890678,0.675441,-0.053921,0.000387,1.007169,2.067866,98.627123,46.695125
7.917939,8.915894,2.890991,0.675749,-0.063914,0.000383,1.005988,2.069131,98.628389,46.666578
7.927949,8.925214,2.891304,0.676052,-0.073900,0.000379,1.005127,2.070394,98.629653,46.638101
7.937959,8.934435,2.891616,0.676352,-0.083878,0.000375,1.004472,2.071656,98.630916,46.609695
7.947968,8.943555,2.891927,0.676647,-0.093849,0.000371,1.003957,2.072916,98.632177,46.581359
7.957978,8.952576,2.892237,0.676938,-0.103809,0.000368,1.003541,2.074175,98.633437,46.553093
7.967988,8.961497,2.892547,0.677225,-0.113760,0.000364,1.003199,2.075432,98.634694,46.524897
7.977998,8.970318,2.892856,0.677508,-0.123699,0.000360,1.002913,2.076688,98.635951,46.496770
7.988008,8.979040,2.893164,0.677787,-0.133626,0.000357,1.002669,2.077941,98.637205,46.468713
7.998018,8.987663,2.893471,0.678062,-0.143539,0.000353,1.002460,2.079194,98.638459,46.440725
8.008028,8.996186,2.893778,0.678333,-0.153438,0.000350,1.002278,2.080445,98.639710,46.412805
8.018038,9.004611,2.894083,0.678600,-0.163321,0.000346,1.002119,2.081694,98.640960,46.384953
8.028048,9.012936,2.894388,0.678863,-0.173188,0.000343,1.001978,2.082941,98.642209,46.357170
8.038058,9.021163,2.894693,0.679122,-0.183038,0.000339,1.001853,2.084187,98.643455,46.329454
8.048068,9.029292,2.894996,0.679377,-0.192870,0.000336,1.001741,2.085432,98.644701,46.301806
8.058077,9.037322,2.895299,0.679629,-0.202682,0.000332,1.001640,2.086675,98.645944,46.274225
8.068087,9.045254,2.895601,0.679876,-0.212474,0.000329,1.001549,2.087916,98.647187,46.246712
8.078097,9.053088,2.895902,0.680120,-0.222244,0.000326,1.001466,2.089156,98.648427,46.219265
8.088107,9.060825,2.896203,0.680360,-0.231993,0.000323,1.001390,2.090395,98.649667,46.191884
8.098117,9.068464,2.896503,0.680596,-0.241718,0.000319,1.001321,2.091632,98.650904,46.164570
8.108127,9.076006,2.896802,0.680829,-0.251418,0.000316,1.001257,2.092867,98.652140,46.137322
8.118137,9.083450,2.897101,0.681057,-0.261094,0.000313,1.001199,2.094101,98.653375,46.110139
8.128147,9.090798,2.897398,0.681282,-0.270743,0.000310,1.001144,2.095333,98.654608,46.083022
8.138157,9.098050,2.897695,0.681504,-0.280366,0.000307,1.001094,2.096564,98.655839,46.055970
8.148167,9.105205,2.897991,0.681721,-0.289960,0.000304,1.001047,2.097793,98.657069,46.028983
8.158177,9.112265,2.898287,0.681936,-0.299525,0.000301,1.001004,2.099021,98.658298,46.002061
8.168186,9.119229,2.898582,0.682146,-0.309060,0.000298,1.000963,2.100247,98.659525,45.975203
8.178196,9.126098,2.898876,0.682353,-0.318565,0.000295,1.000925,2.101472,98.660750,45.948409
8.188206,9.132871,2.899169,0.682557,-0.328037,0.000292,1.000889,2.102695,98.661974,45.921679
8.198216,9.139550,2.899462,0.682757,-0.337476,0.000289,1.000856,2.103917,98.663197,45.895013
8.208226,9.146135,2.899754,0.682953,-0.346882,0.000286,1.000824,2.105137,98.664418,45.868411
8.218236,9.152626,2.900045,0.683146,-0.356253,0.000283,1.000794,2.106356,98.665637,45.841871
8.228246,9.159023,2.900336,0.683336,-0.365588,0.000280,1.000766,2.107573,98.666855,45.815395
8.238256,9.165327,2.900626,0.683522,-0.374886,0.000277,1.000740,2.108789,98.668072,45.788981
8.248266,9.171538,2.900915,0.683705,-0.384147,0.000275,1.000715,2.110003,98.669287,45.762629
8.258276,9.177656,2.901204,0.683884,-0.393370,0.000272,1.000691,2.111216,98.670500,45.736340
8.268286,9.183682,2.901491,0.684060,-0.402553,0.000269,1.000669,2.112427,98.671713,45.710113
8.278295,9.189617,2.901779,0.684233,-0.411696,0.000266,1.000647,2.113637,98.672923,45.683948
8.288305,9.195460,2.902065,0.684402,-0.420797,0.000264,1.000627,2.114846,98.674132,45.657844
8.298315,9.201213,2.902351,0.684569,-0.429856,0.000261,1.000607,2.116053,98.675340,45.631801
8.308325,9.206875,2.902636,0.684732,-0.438873,0.000259,1.000589,2.117258,98.676546,45.605819
8.318335,9.212446,2.902920,0.684891,-0.447845,0.000256,1.000571,2.118462,98.677751,45.579899
8.328345,9.217929,2.903204,0.685048,-0.456772,0.000253,1.000555,2.119665,98.678955,45.554038
8.338355,9.223322,2.903487,0.685202,-0.465654,0.000251,1.000539,2.120866,98.680157,45.528238
8.348365,9.228626,2.903770,0.685352,-0.474489,0.000248,1.000523,2.122066,98.681357,45.502499
8.358375,9.233843,2.904051,0.685499,-0.483276,0.000246,1.000509,2.123264,98.682556,45.476819
8.368385,9.238971,2.904332,0.685643,-0.492015,0.000243,1.000495,2.124461,98.683754,45.451198
8.378395,9.244013,2.904613,0.685784,-0.500705,0.000241,1.000481,2.125656,98.684950,45.425638
8.388405,9.248967,2.904893,0.685922,-0.509344,0.000239,1.000468,2.126850,98.686145,45.400136
8.398414,9.253836,2.905172,0.686058,-0.517933,0.000236,1.000456,2.128043,98.687338,45.374693
8.408424,9.258618,2.905450,0.686190,-0.526470,0.000234,1.000444,2.129234,98.688530,45.349309
8.418434,9.263316,2.905728,0.686319,-0.534953,0.000231,1.000433,2.130424,98.689720,45.323984
8.428444,9.267929,2.906005,0.686445,-0.543384,0.000229,1.000422,2.131612,98.690909,45.298717
8.438454,9.272457,2.906282,0.686568,-0.551759,0.000227,1.000411,2.132799,98.692097,45.273508
8.448464,9.276903,2.906558,0.686689,-0.560080,0.000225,1.000401,2.133985,98.693283,45.248357
8.458474,9.281265,2.906833,0.686806,-0.568344,0.000222,1.000391,2.135169,98.694468,45.223263
8.468484,9.285544,2.907107,0.686921,-0.576552,0.000220,1.000382,2.136351,98.695651,45.198227
8.478494,9.289742,2.907381,0.687033,-0.584702,0.000218,1.000373,2.137533,98.696833,45.173249
8.488504,9.293859,2.907655,0.687142,-0.592793,0.000216,1.000364,2.138713,98.698014,45.148327
8.498514,9.297895,2.907927,0.687249,-0.600824,0.000214,1.000355,2.139891,98.699193,45.123462
8.508523,9.301850,2.908199,0.687353,-0.608796,0.000211,1.000347,2.141068,98.700371,45.098654
8.518533,9.305727,2.908471,0.687454,-0.616706,0.000209,1.000339,2.142244,98.701548,45.073902
8.528543,9.309524,2.908741,0.687552,-0.624555,0.000207,1.000332,2.143419,98.702723,45.049206
8.538553,9.313243,2.909012,0.687648,-0.632341,0.000205,1.000324,2.144592,98.703896,45.024566
8.548563,9.316885,2.909281,0.687741,-0.640064,0.000203,1.000317,2.145763,98.705069,44.999982
8.558573,9.320449,2.909550,0.687832,-0.647723,0.000201,1.000310,2.146933,98.706240,44.975453
8.568583,9.323937,2.909818,0.687920,-0.655316,0.000199,1.000304,2.148102,98.707409,44.950980
8.578593,9.327350,2.910086,0.688005,-0.662844,0.000197,1.000297,2.149270,98.708577,44.926562
8.588603,9.330688,2.910353,0.688088,-0.670306,0.000195,1.000291,2.150436,98.709744,44.902199
8.598613,9.333951,2.910619,0.688169,-0.677701,0.000193,1.000285,2.151601,98.710910,44.877891
8.608623,9.337140,2.910885,0.688247,-0.685027,0.000191,1.000279,2.152764,98.712074,44.853637
8.618632,9.340257,2.911150,0.688322,-0.692285,0.000189,1.000273,2.153926,98.713237,44.829438
8.628642,9.343301,2.911415,0.688395,-0.699474,0.000187,1.000268,2.155087,98.714398,44.805292
8.638652,9.346273,2.911679,0.688466,-0.706592,0.000185,1.000262,2.156247,98.715558,44.781201
8.648662,9.349175,2.911942,0.688535,-0.713640,0.000184,1.000257,2.157405,98.716717,44.757163
8.658672,9.352006,2.912205,0.688601,-0.720616,0.000182,1.000252,2.158561,98.717874,44.733179
8.668682,9.354768,2.912467,0.688665,-0.727520,0.000180,1.000247,2.159717,98.719030,44.709249
8.678692,9.357462,2.912729,0.688727,-0.734351,0.000178,1.000243,2.160871,98.720185,44.685371
8.688702,9.360087,2.912990,0.688786,-0.741109,0.000176,1.000238,2.162024,98.721339,44.661547
8.698712,9.362645,2.913251,0.688843,-0.747792,0.000175,1.000233,2.163175,98.722491,44.637775
8.708722,9.365136,2.913510,0.688898,-0.754400,0.000173,1.000229,2.164325,98.723641,44.614056
8.718732,9.367562,2.913770,0.688951,-0.760933,0.000171,1.000225,2.165474,98.724791,44.590389
8.728741,9.369923,2.914028,0.689002,-0.767390,0.000169,1.000221,2.166621,98.725939,44.566774
8.738751,9.372219,2.914286,0.689051,-0.773769,0.000168,1.000217,2.167767,98.727086,44.543212
8.748761,9.374452,2.914544,0.689097,-0.780071,0.000166,1.000213,2.168912,98.728231,44.519701
8.758771,9.376622,2.914801,0.689142,-0.786295,0.000164,1.000209,2.170056,98.729375,44.496242
8.768781,9.378731,2.915057,0.689184,-0.792440,0.000163,1.000205,2.171198,98.730518,44.472834
8.778791,9.380778,2.915313,0.689225,-0.798506,0.000161,1.000202,2.172339,98.731660,44.449478
8.788801,9.382765,2.915568,0.689263,-0.804492,0.000159,1.000198,2.173478,98.732800,44.426173
8.798811,9.384692,2.915823,0.689300,-0.810397,0.000158,1.000195,2.174617,98.733939,44.402918
8.808821,9.386561,2.916077,0.689335,-0.816221,0.000156,1.000192,2.175754,98.735077,44.379715
8.818831,9.388372,2.916330,0.689368,-0.821963,0.000155,1.000188,2.176889,98.736213,44.356562
8.828841,9.390125,2.916583,0.689399,-0.827623,0.000153,1.000185,2.178024,98.737348,44.333459
8.838850,9.391823,2.916835,0.689428,-0.833200,0.000152,1.000182,2.179157,98.738482,44.310407
8.848860,9.393465,2.917087,0.689456,-0.838693,0.000150,1.000179,2.180289,98.739614,44.287404
8.858870,9.395052,2.917338,0.689481,-0.844102,0.000149,1.000176,2.181419,98.740745,44.264451
8.868880,9.396586,2.917589,0.689505,-0.849427,0.000147,1.000173,2.182549,98.741875,44.241548
8.878890,9.398067,2.917839,0.689528,-0.854667,0.000146,1.000170,2.183677,98.743004,44.218695
8.888900,9.399496,2.918089,0.689548,-0.859821,0.000144,1.000168,2.184803,98.744131,44.195891
8.898910,9.400874,2.918338,0.689567,-0.864889,0.000143,1.000165,2.185929,98.745258,44.173136
8.908920,9.402201,2.918586,0.689585,-0.869870,0.000141,1.000162,2.187053,98.746382,44.150430
8.918930,9.403479,2.918834,0.689601,-0.874764,0.000140,1.000160,2.188176,98.747506,44.127772
8.928940,9.404709,2.919081,0.689615,-0.879570,0.000139,1.000158,2.189298,98.748628,44.105164
8.938950,9.405891,2.919328,0.689628,-0.884288,0.000137,1.000155,2.190418,98.749749,44.082603
8.948959,9.407026,2.919574,0.689639,-0.888918,0.000136,1.000153,2.191537,98.750869,44.060091
8.958969,9.408115,2.919820,0.689649,-0.893459,0.000134,1.000150,2.192655,98.751988,44.037627
8.968979,9.409159,2.920065,0.689657,-0.897910,0.000133,1.000148,2.193772,98.753105,44.015212
8.978989,9.410159,2.920310,0.689664,-0.902271,0.000132,1.000146,2.194887,98.754221,43.992843
8.988999,9.411116,2.920554,0.689670,-0.906542,0.000130,1.000144,2.196002,98.755336,43.970523
8.999009,9.412030,2.920797,0.689674,-0.910721,0.000129,1.000142,2.197114,98.756450,43.948250
9.009019,9.412903,2.921040,0.689677,-0.914810,0.000128,1.000140,2.198226,98.757562,43.926024
9.019029,9.413736,2.921283,0.689679,-0.918807,0.000127,1.000138,2.199337,98.758673,43.903845
9.029039,9.414529,2.921525,0.689679,-0.922712,0.000125,1.000136,2.200446,98.759783,43.881713
9.039049,9.415284,2.921766,0.689678,-0.926524,0.000124,1.000134,2.201554,98.760892,43.859629
9.049059,9.416000,2.922007,0.689676,-0.930244,0.000123,1.000132,2.202661,98.761999,43.837590
9.059068,9.416680,2.922247,0.689673,-0.933870,0.000122,1.000130,2.203766,98.763105,43.815598
9.069078,9.417325,2.922487,0.689669,-0.937403,0.000120,1.000128,2.204871,98.764210,43.793653
9.079088,9.417934,2.922727,0.689664,-0.940842,0.000119,1.000127,2.205974,98.765314,43.771753
9.089098,9.418509,2.922965,0.689657,-0.944187,0.000118,1.000125,2.207076,98.766416,43.749900
9.099108,9.419052,2.923204,0.689650,-0.947437,0.000117,1.000123,2.208176,98.767518,43.728092
9.109118,9.419562,2.923441,0.689641,-0.950592,0.000116,1.000122,2.209276,98.768618,43.706330
9.119128,9.420041,2.923679,0.689632,-0.953652,0.000114,1.000120,2.210374,98.769717,43.684614
9.129138,9.420490,2.923915,0.689622,-0.956616,0.000113,1.000118,2.211471,98.770814,43.662943
9.139148,9.420910,2.924152,0.689610,-0.959484,0.000112,1.000117,2.212567,98.771911,43.641317
9.149158,9.421302,2.924387,0.689598,-0.962257,0.000111,1.000115,2.213662,98.773006,43.619736
9.159168,9.421666,2.924622,0.689585,-0.964932,0.000110,1.000114,2.214755,98.774100,43.598200
9.169177,9.422004,2.924857,0.689572,-0.967512,0.000109,1.000112,2.215848,98.775193,43.576709
9.179187,9.422317,2.925091,0.689557,-0.969994,0.000108,1.000111,2.216939,98.776285,43.555262
9.189197,9.422605,2.925325,0.689542,-0.972379,0.000107,1.000110,2.218029,98.777375,43.533860
9.199207,9.422870,2.925558,0.689526,-0.974667,0.000106,1.000108,2.219117,98.778465,43.512502
9.209217,9.423112,2.925791,0.689509,-0.976857,0.000105,1.000107,2.220205,98.779553,43.491189
9.219227,9.423334,2.926023,0.689492,-0.978949,0.000103,1.000106,2.221291,98.780640,43.469919
9.229237,9.423534,2.926255,0.689474,-0.980943,0.000102,1.000104,2.222376,98.781725,43.448693
9.239247,9.423715,2.926486,0.689455,-0.982838,0.000101,1.000103,2.223460,98.782810,43.427511
9.249257,9.423878,2.926717,0.689436,-0.984636,0.000100,1.000102,2.224543,98.783893,43.406372
9.259267,9.424023,2.926947,0.689416,-0.986334,0.000099,1.000101,2.225625,98.784976,43.385277
9.269277,9.424152,2.927177,0.689396,-0.987934,0.000098,1.000100,2.226705,98.786057,43.364225
9.279286,9.424265,2.927406,0.689376,-0.989435,0.000097,1.000098,2.227785,98.787137,43.343216
9.289296,9.424364,2.927635,0.689355,-0.990836,0.000096,1.000097,2.228863,98.788215,43.322250
9.299306,9.424449,2.927863,0.689333,-0.992139,0.000095,1.000096,2.229940,98.789293,43.301327
9.309316,9.424522,2.928091,0.689311,-0.993342,0.000095,1.000095,2.231016,98.790369,43.280447
9.319326,9.424583,2.928318,0.689289,-0.994445,0.000094,1.000094,2.232090,98.791445,43.259609
9.329336,9.424633,2.928545,0.689267,-0.995449,0.000093,1.000093,2.233164,98.792519,43.238813
9.339346,9.424674,2.928771,0.689244,-0.996353,0.000092,1.000092,2.234236,98.793592,43.218060
9.349356,9.424706,2.928997,0.689221,-0.997157,0.000091,1.000091,2.235307,98.794664,43.197349
9.359366,9.424731,2.929222,0.689198,-0.997861,0.000090,1.000090,2.236378,98.795734,43.176680
9.369376,9.424750,2.929447,0.689175,-0.998466,0.000089,1.000089,2.237446,98.796804,43.156053
9.379386,9.424762,2.929671,0.689152,-0.998970,0.000088,1.000088,2.238514,98.797872,43.135467
9.389395,9.424771,2.929895,0.689128,-0.999374,0.000087,1.000087,2.239581,98.798939,43.114923
9.399405,9.424775,2.930119,0.689105,-0.999678,0.000086,1.000086,2.240646,98.800005,43.094420
9.409415,9.424777,2.930342,0.689081,-0.999882,0.000085,1.000085,2.241711,98.801070,43.073959
9.419425,9.424778,2.930564,0.689057,-0.999986,0.000085,1.000085,2.242774,98.802134,43.053539
9.429435,9.424778,2.930786,0.689034,-0.999989,0.000084,1.000084,2.243836,98.803197,43.033159
9.439445,9.424778,2.931008,0.689010,-0.999892,0.000083,1.000083,2.244897,98.804259,43.012821
9.449455,9.424780,2.931229,0.688987,-0.999696,0.000082,1.000082,2.245957,98.805319,42.992524
9.459465,9.424785,2.931450,0.688964,-0.999398,0.000081,1.000081,2.247016,98.806378,42.972267
9.469475,9.424793,2.931670,0.688941,-0.999001,0.000080,1.000081,2.248073,98.807436,42.952050
9.479485,9.424805,2.931890,0.688918,-0.998504,0.000080,1.000080,2.249130,98.808494,42.931874
9.489495,9.424823,2.932109,0.688895,-0.997907,0.000079,1.000079,2.250185,98.809549,42.911738
9.499505,9.424847,2.932328,0.688873,-0.997209,0.000078,1.000078,2.251240,98.810604,42.891642
9.509514,9.424879,2.932546,0.688851,-0.996412,0.000077,1.000078,2.252293,98.811658,42.871586
9.519524,9.424920,2.932764,0.688829,-0.995515,0.000077,1.000077,2.253345,98.812711,42.851570
9.529534,9.424969,2.932982,0.688807,-0.994518,0.000076,1.000076,2.254396,98.813762,42.831594
9.539544,9.425030,2.933199,0.688786,-0.993422,0.000075,1.000075,2.255446,98.814813,42.811657
9.549554,9.425101,2.933415,0.688766,-0.992226,0.000074,1.000075,2.256494,98.815862,42.791759
9.559564,9.425186,2.933631,0.688746,-0.990930,0.000074,1.000074,2.257542,98.816910,42.771901
9.569574,9.425283,2.933847,0.688726,-0.989535,0.000073,1.000074,2.258589,98.817957,42.752082
9.579584,9.425396,2.934062,0.688707,-0.988041,0.000072,1.000073,2.259634,98.819003,42.732302
9.589594,9.425523,2.934277,0.688688,-0.986449,0.000071,1.000072,2.260679,98.820048,42.712561
9.599604,9.425667,2.934491,0.688670,-0.984757,0.000071,1.000072,2.261722,98.821092,42.692859
9.609614,9.425829,2.934705,0.688653,-0.982966,0.000070,1.000071,2.262764,98.822135,42.673196
9.619623,9.426008,2.934919,0.688636,-0.981078,0.000069,1.000071,2.263805,98.823176,42.653571
9.629633,9.426208,2.935132,0.688620,-0.979090,0.000069,1.000070,2.264845,98.824217,42.633984
9.639643,9.426427,2.935344,0.688605,-0.977005,0.000068,1.000069,2.265884,98.825257,42.614436
9.649653,9.426668,2.935557,0.688590,-0.974822,0.000067,1.000069,2.266922,98.826295,42.594926
9.659663,9.426932,2.935768,0.688576,-0.972541,0.000066,1.000068,2.267959,98.827332,42.575454
9.669673,9.427219,2.935980,0.688564,-0.970163,0.000066,1.000068,2.268994,98.828369,42.556020
9.679683,9.427529,2.936190,0.688551,-0.967687,0.000065,1.000067,2.270029,98.829404,42.536623
9.689693,9.427866,2.936401,0.688540,-0.965115,0.000064,1.000067,2.271063,98.830438,42.517265
9.699703,9.428228,2.936611,0.688530,-0.962446,0.000064,1.000066,2.272095,98.831471,42.497944
9.709713,9.428618,2.936820,0.688521,-0.959680,0.000063,1.000066,2.273127,98.832503,42.478660
9.719723,9.429036,2.937030,0.688512,-0.956818,0.000063,1.000065,2.274157,98.833534,42.459414
9.729732,9.429483,2.937238,0.688505,-0.953861,0.000062,1.000065,2.275186,98.834564,42.440205
9.739742,9.429960,2.937447,0.688499,-0.950807,0.000061,1.000064,2.276215,98.835592,42.421033
9.749752,9.430468,2.937654,0.688493,-0.947659,0.000061,1.000064,2.277242,98.836620,42.401898
9.759762,9.431008,2.937862,0.688489,-0.944416,0.000060,1.000064,2.278268,98.837647,42.382800
9.769772,9.431581,2.938069,0.688486,-0.941077,0.000060,1.000063,2.279293,98.838673,42.363739
9.779782,9.432188,2.938275,0.688484,-0.937645,0.000059,1.000063,2.280317,98.839697,42.344714
9.789792,9.432830,2.938482,0.688484,-0.934119,0.000058,1.000062,2.281340,98.840721,42.325726
9.799802,9.433507,2.938687,0.688484,-0.930499,0.000058,1.000062,2.282362,98.841743,42.306774
9.809812,9.434221,2.938893,0.688486,-0.926786,0.000057,1.000062,2.283383,98.842765,42.287859
9.819822,9.434973,2.939098,0.688489,-0.922980,0.000057,1.000061,2.284403,98.843785,42.268980
9.829832,9.435764,2.939302,0.688493,-0.919081,0.000056,1.000061,2.285422,98.844804,42.250136
9.839841,9.436593,2.939506,0.688499,-0.915091,0.000055,1.000061,2.286440,98.845823,42.231329
9.849851,9.437464,2.939710,0.688506,-0.911008,0.000055,1.000060,2.287456,98.846840,42.212558
9.859861,9.438375,2.939913,0.688515,-0.906835,0.000054,1.000060,2.288472,98.847856,42.193822
9.869871,9.439329,2.940116,0.688525,-0.902571,0.000054,1.000060,2.289487,98.848871,42.175122
9.879881,9.440326,2.940319,0.688536,-0.898216,0.000053,1.000059,2.290500,98.849886,42.156457
9.889891,9.441367,2.940521,0.688549,-0.893771,0.000053,1.000059,2.291513,98.850899,42.137828
9.899901,9.442453,2.940722,0.688564,-0.889236,0.000052,1.000059,2.292525,98.851911,42.119234
9.909911,9.443585,2.940924,0.688580,-0.884613,0.000052,1.000058,2.293535,98.852922,42.100675
9.919921,9.444763,2.941125,0.688597,-0.879901,0.000051,1.000058,2.294545,98.853932,42.082151
9.929931,9.445990,2.941325,0.688617,-0.875101,0.000051,1.000058,2.295553,98.854941,42.063663
9.939941,9.447264,2.941525,0.688637,-0.870213,0.000050,1.000058,2.296561,98.855949,42.045209
9.949950,9.448588,2.941725,0.688660,-0.865237,0.000050,1.000057,2.297568,98.856956,42.026790
9.959960,9.449962,2.941924,0.688684,-0.860176,0.000049,1.000057,2.298573,98.857962,42.008405
9.969970,9.451388,2.942123,0.688710,-0.855028,0.000049,1.000057,2.299578,98.858967,41.990055
9.979980,9.452865,2.942321,0.688738,-0.849794,0.000048,1.000057,2.300581,98.859971,41.971739
9.989990,9.454395,2.942519,0.688767,-0.844475,0.000048,1.000056,2.301584,98.860974,41.953458
10.000000,9.455979,2.942717,0.688798,-0.839072,0.000047,1.000056,2.302585,98.861976,41.935211
