t,f_1(x),f_2(x),f_3(x)
0.0001,0.00019999999983333333,0.999999995,-9.210340371976182
0.01010990990990991,0.02021964759791557,0.9999488952960944,-4.5942391569776
0.02011981981981982,0.040238282225962575,0.9997976032529847,-3.906049889068042
0.030129729729729732,0.06025490103518209,0.9995461340297491,-3.502242896018568
0.040139639639639645,0.08026850137876179,0.999194512822965,-3.2153909132416967
0.05014954954954955,0.10027808091233195,0.9987427748641842,-2.992745746677352
0.06015945945945947,0.12028263769439776,0.9981909654164026,-2.810756584429797
0.07016936936936938,0.14028117028673137,0.9975391397695251,-2.656843396941318
0.08017927927927929,0.1602726778547135,0.9967873632348259,-2.52349016059242
0.0901891891891892,0.18025616026761432,0.9959357111384038,-2.4058457128749873
0.1001990990990991,0.2002306181988043,0.9949842688136358,-2.3005960813987474
0.11020900900900901,0.22019505322588398,0.9939331315926256,-2.205376634161877
0.12021891891891894,0.24014846793072347,0.9927824047966529,-2.1184408739342713
0.13022882882882883,0.2600898659994011,0.9915322037256195,-2.0384621541411065
0.14023873873873874,0.2800182523220317,0.9901826536464967,-1.9644090320010243
0.15024864864864865,0.2999326330924739,0.9887338897807745,-1.895463699626244
0.16025855855855856,0.31983201590790733,0.9871860572909119,-1.8309667770657825
0.17026846846846846,0.3397154098682682,0.9855393112657926,-1.7703788613133093
0.18027837837837837,0.35958182567553576,0.9837938167051852,-1.7132530762169056
0.19028828828828828,0.3794302757328569,0.9819497485032106,-1.6592150499880514
0.2002981981981982,0.3992597742435011,0.9800072914308184,-1.6079480318665598
0.2103081081081081,0.4190693373096346,0.977966640117273,-1.5591816420566107
0.220318018018018,0.43885798303090445,0.9758279990306521,-1.5126832399662846
0.23032792792792792,0.45862473160282274,0.9735915824573601,-1.4682512119093472
0.24033783783783785,0.4783686054149402,0.9712576144806565,-1.4257096878037512
0.25034774774774776,0.4980886291488003,0.9688263289582038,-1.3849043366606806
0.26035765765765767,0.5177838298756638,0.9662979694986352,-1.345698986870664
0.2703675675675676,0.537453237153994,0.9636727894371462,-1.307972884434631
0.2803774774774775,0.5570958831266917,0.9609510518101101,-1.2716184498812861
0.2903873873873874,0.576710802618073,0.9581330293287235,-1.2365394288363003
0.3003972972972973,0.5962970332305766,0.9552190043516804,-1.2026493561456224
0.3104072072072072,0.6158536154411944,0.9522092688568813,-1.1698702718472482
0.3204171171171171,0.6353795926976127,0.9491041244121773,-1.1381316410042277
0.33042702702702703,0.6548740115140561,0.9459038821451541,-1.107369439751569
0.34043693693693694,0.6743359215668253,0.9426088627119573,-1.077525377779213
0.35044684684684685,0.6937643757895162,0.9392193962651642,-1.0485462335171511
0.36045675675675676,0.713158430467914,0.9357358224207024,-1.0203832829701436
0.37046666666666667,0.7325171453345509,0.9321584902238224,-0.9929918068044259
0.3804765765765766,0.7518395836629183,0.9284877581141228,-0.9663306631637636
0.3904864864864865,0.7711248123613246,0.9247239938896366,-0.9403619159695948
0.4004963963963964,0.7903719020663887,0.9208675746699782,-0.91505051027601
0.4105063063063063,0.8095799272361599,0.9169188868585572,-0.890363987707519
0.4205162162162162,0.8287479662428543,0.9128783261038617,-0.8662722361837785
0.4305261261261261,0.8478751014652004,0.9087462972598154,-0.8427472690902197
0.440536036036036,0.8669604193803816,0.9045232143452121,-0.8197630298326583
0.45054594594594594,0.8860030106555695,0.9002095005022324,-0.7972952183530125
0.46055585585585584,0.9050019702390365,0.8958055879540452,-0.775321136709921
0.47056576576576575,0.9239563974508396,0.8913119179615011,-0.753819551264088
0.4805756756756757,0.9428653960730662,0.8867289407789183,-0.7327705693707827
0.4905855855855856,0.9617280744396333,0.8820571156089687,-0.7121555287846842
0.5005954954954955,0.9805435455256293,0.8772969105566668,-0.6919568982361028
0.5106054054054054,0.9993109270361928,0.8724488025824667,-0.6721581878512248
0.5206153153153154,1.0180293414949153,0.8675132774544723,-0.6527438682694586
0.5306252252252253,1.0366979163317631,0.8624908296997638,-0.6336992974638941
0.5406351351351352,1.0553157839705047,0.8573819625548481,-0.6150106544009472
0.5506450450450451,1.073882081915643,0.8521871879152354,-0.596664878786236
0.560654954954955,1.092395952838831,0.8469070262841487,-0.5786496162387014
0.5706648648648649,1.1108565446647778,0.8415420067203706,-0.5609531683165142
0.5806747747747748,1.1292630106566222,0.8360926667852329,-0.5435644468884874
0.5906846846846847,1.147614509500774,0.8305595524887546,-0.5264729324052974
0.6006945945945946,1.1659102053912112,0.8249432182349327,-0.5096686356772546
0.6107045045045045,1.1841492681132266,0.8192442267661927,-0.4931420628108635
0.6207144144144144,1.2023308731266127,0.8134631491070029,-0.4768841829959999
0.6307243243243243,1.2204542016482776,0.8076005645066595,-0.46088639887004534
0.6407342342342343,1.2385184407342869,0.8016570603812472,-0.4451405192154886
0.6507441441441442,1.2565227833613166,0.7956332322547814,-0.4296387337739292
0.6607540540540541,1.2744664285075165,0.7895296836995386,-0.4143735899826159
0.670763963963964,1.292348581232769,0.7833470262755793,-0.3993379714600605
0.6807738738738739,1.3101684527583422,0.777085879469472,-0.3845250780852555
0.6907837837837838,1.3279252605459204,0.7707468706322222,-0.3699284075309125
0.7007936936936937,1.345618228376016,0.7643306349164126,-0.35554173812519624
0.7108036036036036,1.3632465864257417,0.7578378152125633,-0.3413591129288933
0.7208135135135135,1.3808095713459467,0.7512690620847152,-0.32737482492602243
0.7308234234234234,1.3983064263377014,0.7446250337052456,-0.31358340323574224
0.7408333333333333,1.415736401228127,0.7379063957889208,-0.29997960026218706
0.7508432432432433,1.4330987525455616,0.731113821526193,-0.2865583797066941
0.7608531531531532,1.4503927435940531,0.7242479915157486,-0.2733149053738903
0.7708630630630631,1.4676176445271745,0.717309593696314,-0.2602445307093764
0.780872972972973,1.4847727324211528,0.7102993232777253,-0.24734278901237036
0.7908828828828829,1.5018572913473047,0.7032178826712708,-0.23460538427172198
0.8008927927927928,1.5188706124437703,0.6960659814193109,-0.22202818257825377
0.8109027027027027,1.5358119939865384,0.6888443361241834,-0.20960720407047276
0.8209126126126126,1.5526807414597594,0.6815536703764021,-0.19733861537438852
0.8309225225225225,1.5694761676253324,0.6741947146821552,-0.18521872250150312
0.8409324324324324,1.5861975925917653,0.6667682063901097,-0.1732439641720517
0.8509423423423423,1.6028443438822984,0.6592748896175312,-0.16141090553329948
0.8609522522522522,1.6194157565022844,0.6517155151757258,-0.1497162322451727
0.8709621621621622,1.6359111730058193,0.6440908404948098,-0.13815674490774468
0.8809720720720721,1.6523299435616177,0.6364016295478178,-0.12672935380713637
0.890981981981982,1.6686714260181221,0.6286486527741544,-0.11543107395824452
0.9009918918918919,1.6849349859678475,0.6208326870023977,-0.10425902042439937
0.9110018018018018,1.7011199968109458,0.6129545153724639,-0.0932104038955926
0.9210117117117117,1.7172258398179894,0.6050149272571379,-0.08228252650832042
0.9310216216216216,1.7332519041919672,0.5970147181829804,-0.07147277789137038
0.9410315315315315,1.7491975871294843,0.588954689750618,-0.06077863142305327
0.9510414414414414,1.7650622938811615,0.5808356495544256,-0.05019764068645544
0.9610513513513514,1.780845437811228,0.5726584111016063,-0.039727436110271054
0.9710612612612614,1.7965464404563,0.5644237937306813,-0.029365721783676545
0.9810711711711713,1.8121647315833427,0.5561326225293931,-0.01911027243453581
0.9910810810810812,1.8276997492468041,0.5477857282520345,-0.008958930560989708
1.001090990990991,1.8431509398449228,0.5393839472362092,0.0010903962928207978
1.0111009009009009,1.858517758175196,0.5309281213190324,0.011039738125501694
1.021110810810811,1.8737996674890076,0.5224190977527812,0.02089106493963535
1.0311207207207207,1.8889961395454091,0.5138577291200022,0.030646289082954074
1.0411306306306307,1.9041066546640493,0.5052448732480841,0.04030726747642183
1.0511405405405405,1.919130701777242,0.4965813931233071,0.04987580373571104
1.0611504504504505,1.934067778481178,0.48786815680437207,0.05935365019214369
1.0711603603603603,1.9489173910862592,0.4791060373354248,0.06874250981875396
1.0811702702702704,1.9636790546665703,0.47029591265857784,0.0780440380667741
1.0911801801801801,1.9783522931084638,0.4614386655259445,0.08725984461749045
1.1011900900900902,1.9929366391582672,0.45253518341118754,0.09639149505411333
1.1112,2.007431634469099,0.4435863584205984,0.10544051245799693
1.12120990990991,2.0218368296467952,0.43459308720370854,0.11440837893328662
1.1312198198198198,2.036151784294937,0.4255562708634493,0.12329653706380432
1.1412297297297298,2.050376067058978,0.41647681486586197,0.13210639130576
1.1512396396396396,2.0645092556694626,0.40735562894937394,0.14083930931964594
1.1612495495495496,2.07855093698434,0.3981936270336437,0.14949662324447938
1.1712594594594594,2.0925007070303567,0.38899172712799,0.15807963091735552
1.1812693693693694,2.106358171043536,0.37975085123940794,0.16658959704111112
1.1912792792792792,2.120122943508729,0.370471925280188,0.17502775430271805
1.2012891891891893,2.133794648198247,0.36115587897514034,0.18339530444488797
1.211299099099099,2.1473729182095544,0.35180364576844003,0.1916934192932109
1.221309009009009,2.1608573960020343,0.34241616273009723,0.19992324174102993
1.2313189189189189,2.17424773343281,0.3329943704620663,0.20808588669411568
1.241328828828829,2.1875435917916315,0.32353921300399857,0.21618244197709977
1.2513387387387387,2.2007446418348113,0.31405163773865347,0.22421396920350398
1.2613486486486487,2.2138505638182147,0.30453259529697146,0.23218150461111167
1.2713585585585585,2.2268610475292956,0.294983039462825,0.24008605986431902
1.2813684684684685,2.239775792318182,0.2854039270774502,0.24792862282502579
1.2913783783783785,2.2525945071277977,0.27579621794357506,0.2557101582935295
1.3013882882882883,2.2653169105230266,0.26616087472924915,0.2634316087208162
1.3113981981981984,2.2779427307189124,0.2564988628713862,0.27109389489356206
1.3214081081081082,2.2904717056078887,0.24681115047903088,0.2786979165930887
1.3314180180180182,2.302903582786045,0.2370987082363555,0.28624455322945574
1.341427927927928,2.3152381195784115,0.22736250930540133,0.2937346644518034
1.351437837837838,2.327475083063281,0.21760352922856857,0.3011690907360091
1.3614477477477478,2.3396142500955417,0.20782274583087124,0.30854865395065784
1.3714576576576578,2.35165540732904,0.1980211391219599,0.31587415790228457
1.3814675675675676,2.3635983512379526,0.18819969119792884,0.3231463888607882
1.3914774774774776,2.375442888137184,0.17835938614291086,0.3303661160658805
1.4014873873873874,2.387188834201769,0.16850120993047615,0.33753409221538117
1.4114972972972974,2.398836015485297,0.15862615032483876,0.3446510539361395
1.4215072072072072,2.4103842679373333,0.1487351967818866,0.3517177222383135
1.4315171171171173,2.4218334374198642,0.13882934035003894,0.358734802953713
1.441527027027027,2.433183379722736,0.12890957357094746,0.3657029871588673
1.451536936936937,2.4444339605781074,0.11897689038004446,0.372622951583457
1.4615468468468469,2.4555850556739007,0.10903228600695476,0.37949535900470904
1.471556756756757,2.4666365506662595,0.09907675687577451,0.38632085862833343
1.4815666666666667,2.4775883411910042,0.08911130050523369,0.3931000864565456
1.4915765765765767,2.4884403328740907,0.0791369154087456,0.3998336656437001
1.5015864864864865,2.4991924413410627,0.06915460099436008,0.4065222068400284
1.5115963963963965,2.5098445922255115,0.059165357464623584,0.4131663085239597
1.5216063063063063,2.5203967211765224,0.04917018571636323,0.4197665573234723
1.5316162162162164,2.530848773865125,0.03917008724039766,0.4263235283269114
1.5416261261261262,2.541200705989736,0.02916606402119202,0.43283778538368095
1.5516360360360362,2.551452483280598,0.019159118436459868,0.4393098813952068
1.561645945945946,2.561604081503214,0.009150253156729255,0.4457403585965426
1.571655855855856,2.5716554864607755,-0.0008595289551240969,0.45212974882898094
1.5816657657657658,2.581606693995583,-0.010869224944359329,0.4584785738040086
1.5916756756756758,2.591457709989467,-0.020877831864865738,0.46478734535893773
1.6016855855855856,2.6012085503631925,-0.030884346879653645,0.4710565657045215
1.6116954954954956,2.6108592410748703,-0.04088776736133791,0.47728672766485813
1.6217054054054054,2.6204098181173503,-0.050887090992596855,0.48347831490986665
1.6317153153153154,2.6298603275146206,-0.06088131586660369,0.48963180218061075
1.6417252252252252,2.63921082531719,-0.07086944058741328,0.4957476555077309
1.6517351351351353,2.648461377596478,-0.0808504643703012,0.5018263324232398
1.661745045045045,2.6576120604381885,-0.09082338714203812,0.5078682821659166
1.671754954954955,2.6666629599346927,-0.10078720964109632,0.5138739458805359
1.6817648648648649,2.675614172176397,-0.11074093351777137,0.5198437568111479
1.691774774774775,2.6844658032421194,-0.12068356143421607,0.5257781404886255
1.7017846846846847,2.6932179691884564,-0.13061409716436936,0.5316775149126767
1.7117945945945947,2.7018707960381594,-0.1405315456937774,0.5375422907285223
1.7218045045045045,2.7104244197675027,-0.15043491331928974,0.5433728713984208
1.7318144144144145,2.7188789862926632,-0.16032320774862766,0.5491696533682231
1.7418243243243243,2.7272346514550967,-0.1701954381998074,0.5549330262291263
1.7518342342342343,2.735491581005925,-0.18005061550041607,0.5606633728747945
1.7618441441441441,2.743649950589326,-0.18988775218672208,0.5663610696540018
1.7718540540540542,2.7517099457249388,-0.19970586260261858,0.5720264865189526
1.781863963963964,2.759671761789269,-0.20950396299838175,0.5776599871694226
1.791873873873874,2.7675356039961185,-0.21928107162924185,0.5832619291928646
1.8018837837837838,2.7753016873760186,-0.22903620885374976,0.588832664200609
1.8118936936936938,2.7829702367546885,-0.23876839723193635,0.5943725379602941
1.8219036036036036,2.790541486730506,-0.24847666162324777,0.5998818905246468
1.8319135135135136,2.798015681651001,-0.2581600292842537,0.6053610563567358
1.8419234234234234,2.805393075588374,-0.267817529966112,0.6108103644518115
1.8519333333333334,2.812673932314039,-0.2774481960117872,0.6162301384558454
1.8619432432432432,2.819858525272192,-0.28705106245300527,0.6216206967808726
1.8719531531531532,2.8269471375524153,-0.29662516710694264,0.6269823527172441
1.881963063063063,2.83394006186131,-0.30616955067263313,0.6323154145428841
1.891972972972973,2.8408376004931704,-0.31568325682708875,0.6376201856296506
1.9019828828828829,2.8476400652996907,-0.32516533232111955,0.642896964546889
1.9119927927927929,2.8543477776587243,-0.33461482707484813,0.6481460451622687
1.922002702702703,2.8609610684420765,-0.3440307942729038,0.6533677167399856
1.9320126126126127,2.8674802779823554,-0.35341229045929196,0.658562264036415
1.9420225225225227,2.8739057560388717,-0.36275837563192626,0.6637299673932939
1.9520324324324325,2.8802378617625912,-0.3720681133368133,0.6688711028285049
1.9620423423423425,2.8864769636601513,-0.3813405707618844,0.6739859421245421
1.9720522522522523,2.8926234395569352,-0.39057481883045925,0.6790747529147227
1.9820621621621624,2.8986776765592186,-0.39976993229433905,0.684137798767219
1.9920720720720722,2.904640071015377,-0.40892498982651204,0.6891753392669709
2.0020819819819824,2.9105110284761775,-0.4180390741134701,0.6941876300955491
2.012091891891892,2.9162909636541423,-0.42711127194711873,0.699174923109022
2.022101801801802,2.9219803003819935,-0.43614067431628095,0.704137466413896
2.0321117117117122,2.9275794715701897,-0.44512637649777653,0.7090755044411764
2.042121621621622,2.9330889191635454,-0.45406747814707193,0.7139892780186105
2.052131531531532,2.938509094096953,-0.46296308338849473,0.7188790244411644
2.0621414414414416,2.9438404562501987,-0.4718123009049967,0.7237449775397853
2.072151351351352,2.9490834744018826,-0.4806142440274621,0.7285873677484983
2.0821612612612617,2.9542386261824496,-0.4893680308235484,0.7334064221698859
2.0921711711711715,2.959306398026332,-0.49807278418605555,0.7382023646389997
2.1021810810810813,2.9642872851232105,-0.5067276319208088,0.7429754157857439
2.1121909909909915,2.9691817913683956,-0.5153317068340508,0.7477257930957795
2.1222009009009013,2.97399042931234,-0.523884146819331,0.752453710969986
2.132210810810811,2.978713720109283,-0.5323840949438884,0.7571593807825279
2.142220720720721,2.98335219346503,-0.5408306995345126,0.7618430109375574
2.152230630630631,2.9879063875838785,-0.5492231142628805,0.7665048069245981
2.162240540540541,2.9923768491146925,-0.5575604982303543,0.7711449713726419
2.1722504504504507,2.996764133096128,-0.5658420160522396,0.775763704102999
2.1822603603603605,3.0010688029010204,-0.5740668379414878,0.78036120218093
2.1922702702702708,3.005291430179936,-0.5822341397918389,0.7849376599660991
2.2022801801801806,3.0094325948038922,-0.5903431032603935,0.7894932691618759
2.2122900900900904,3.0134928848062597,-0.5983929158496113,0.7940282188635217
2.2223,3.017472896323839,-0.6063827709887191,0.798542695605286
2.2323099099099104,3.0213732335371324,-0.6143118681145283,0.8030368834064456
2.24231981981982,3.025194508609804,-0.6221794127516483,0.8075109638163135
2.25232972972973,3.0289373416273437,-0.629984616592092,0.8119651159582459
2.26233963963964,3.032602360534937,-0.6377266975742617,0.8163995165726734
2.27234954954955,3.036190201074544,-0.6454048799613099,0.8208143400591813
2.28235945945946,3.0397015067212023,-0.6530183944188652,0.8252097585176659
2.2923693693693696,3.0431369286185515,-0.6605664780921195,0.8295859417885911
2.3023792792792794,3.046497125513589,-0.6680483746822625,0.8339430574923664
2.3123891891891897,3.0497827636906676,-0.6754633345222621,0.8382812710678716
2.3223990990990995,3.0529945169047332,-0.6828106146519773,0.8426007458101488
2.3324090090090093,3.056133066313819,-0.6900894788926033,0.8469016429072849
2.342418918918919,3.059199100410791,-0.6972991979204332,0.8511841214765041
2.3524288288288293,3.062193314954367,-0.7044390493399351,0.8554483385994899
2.362438738738739,3.0651164128994015,-0.7115083177561329,0.8596944493569574
2.372448648648649,3.0679691043264508,-0.7185062948462894,0.8639226068624964
2.3824585585585587,3.070752106370626,-0.7254322794308766,0.8681329622957001
2.392468468468469,3.0734661431497377,-0.732285577543833,0.8723256649346003
2.4024783783783787,3.076111945691739,-0.7390655025020961,0.8765008621874238
2.4124882882882885,3.0786902518614836,-0.7457713749744082,0.8806586996236923
2.4224981981981983,3.0812018062867867,-0.7524025230493816,0.8847993210046742
2.4325081081081086,3.083647360283821,-0.7589582823028245,0.8889228683132113
2.4425180180180184,3.0860276717818333,-0.7654379958643122,0.893029481782932
2.452527927927928,3.088343505247204,-0.771841014483006,0.897119299926867
2.462537837837838,3.0905956316068477,-0.7781666965927057,0.9011924595654836
2.472547747747748,3.0927848281709696,-0.7844144083761327,0.905249095854149
2.482557657657658,3.0949118785551804,-0.7905835238284366,0.9092893423100407
2.492567567567568,3.096977572601981,-0.7966734248199201,0.913313330838515
2.5025774774774776,3.0989827063016193,-0.8026835011579738,0.9173211917589468
2.512587387387388,3.1009280817123392,-0.8086131506482158,0.921313053830054
2.5225972972972976,3.1028145068800104,-0.8144617791548295,0.9252890442747177
2.5326072072072074,3.104642795757169,-0.8202288006600955,0.9292492888043119
2.5426171171171172,3.1064137681214596,-0.8259136373231087,0.9331939116425534
2.5526270270270275,3.1081282494934954,-0.8315157195376764,0.9371230355488818
2.5626369369369373,3.109787071054143,-0.837034485989391,0.941036781841383
2.572646846846847,3.1113910695612415,-0.8424693837118731,0.9449352704192663
2.5826567567567573,3.11294108726576,-0.847819868142177,0.9488186197849043
2.592666666666667,3.114437971827409,-0.853085403175354,0.952686947065446
2.602676576576577,3.1158825762297013,-0.8582654612181695,0.9565403680340151
2.6126864864864867,3.1172757586944924,-0.8633595232419663,0.9603789971305
2.622696396396397,3.118618382595983,-0.8683670788346698,0.964202947481947
2.6327063063063068,3.119911316374214,-0.8732876262519298,0.9680123309225644
2.6427162162162166,3.1211554334480516,-0.8781206724673943,0.9718072580133484
2.6527261261261263,3.12235161212767,-0.8828657332221099,0.9755878380613363
2.6627360360360366,3.12350073552655,-0.8875223330730426,0.9793541791384985
2.6727459459459464,3.1246036914729913,-0.8920900054407158,0.9831063881002746
2.682755855855856,3.1256613724211553,-0.8965682926559614,0.9868445706037654
2.692765765765766,3.126674675361643,-0.9009567460057764,0.9905688311255832
2.7027756756756762,3.1276445017316195,-0.9052549257782829,0.9942792729793737
2.712785585585586,3.1285717573244916,-0.9094624013067859,0.9979759983330114
2.722795495495496,3.1294573521991498,-0.9135787510129254,1.001659108225481
2.7328054054054056,3.1303022005887824,-0.9176035624489175,1.005328702583447
2.742815315315316,3.131107220809273,-0.9215364323388804,1.0089848802375214
2.7528252252252257,3.1318733351671852,-0.9253769666192411,1.0126277389382343
2.7628351351351355,3.1326014698673523,-0.9291247804782209,1.0162573753717161
2.7728450450450453,3.1332925549200725,-0.9327794983943912,1.0198738851750944
2.7828549549549555,3.133947524047924,-0.9363407541743011,1.0234773629516152
2.7928648648648653,3.13456731459221,-0.9398081909891675,1.02706790228549
2.802874774774775,3.1351528674190376,-0.9431814614106295,1.0306455957564815
2.812884684684685,3.135705126825046,-0.9464602274455601,1.034210534954225
2.822894594594595,3.1362250404427923,-0.9496441605699316,1.0377628104922976
2.832904504504505,3.1367135591457966,-0.9527329417617324,1.0413025120220383
2.8429144144144147,3.1371716369532727,-0.9557262615329335,1.0448297282461247
2.8529243243243245,3.137600230934532,-0.9586238199604975,1.0483445469319097
2.8629342342342348,3.1380003011130926,-0.9614253267164308,1.051847054924526
2.8729441441441446,3.1383728103704844,-0.9641305010968724,1.0553373381597604
2.8829540540540544,3.138718724349771,-0.9667390720502215,1.0588154816767068
2.892963963963964,3.1390390113587965,-0.9692507782042947,1.0622815696301975
2.9029738738738744,3.139334642273161,-0.9716653678925161,1.06573568530302
2.912983783783784,3.139606590438944,-0.9739825991791322,1.069177911117925
2.922993693693694,3.139855831575175,-0.9762022398834544,1.0726083286494275
2.933003603603604,3.1400833436760704,-0.9783240676031227,1.076027018635406
2.943013513513514,3.1402901069130422,-0.9803478697363897,1.079434060988505
2.953023423423424,3.140477103536484,-0.982273443503422,1.0828295348073413
2.9630333333333336,3.140645317777355,-0.9841005959666201,1.086213518387526
2.9730432432432434,3.14079573574856,-0.9858291440499483,1.0895860892324938
2.9830531531531537,3.140929345346147,-0.9874589145572797,1.0929473240641567
2.9930630630630635,3.141047136150319,-0.9889897441897494,1.0962972988333743
3.0030729729729733,3.1411500993262815,-0.9904214795621168,1.0996360887302525
3.013082882882883,3.141239227524932,-0.9917539772181347,1.1029637681942694
3.0230927927927933,3.141315514783396,-0.9929871036449228,1.1062804109242337
3.033102702702703,3.14137995642543,-0.9941207352863455,1.1095860898880778
3.043112612612613,3.141433548961691,-0.995154758555392,1.1128808773324912
3.0531225225225227,3.1414772899898877,-0.9960890698455575,1.116164844792394
3.063132432432433,3.141512178094826,-0.996923575541224,1.1194380631002558
3.0731423423423427,3.141539212748352,-0.9976581920270406,1.1227006023952637
3.0831522522522525,3.1415593942092075,-0.9982928456963017,1.1259525321323396
3.0931621621621623,3.1415737234228067,-0.9988274729583217,1.1291939210910122
3.1031720720720726,3.141583201920944,-0.999262020244807,1.1324248373841463
3.1131819819819824,3.1415888317214438,-0.9995964440152234,1.1356453484665296
3.123191891891892,3.14159161522776,-0.9998307107611586,1.1388555211433242
3.133201801801802,3.1415925551285375,-0.9999647970096797,1.1420554215783802
3.143211711711712,3.141592654297146,-0.9999986893256853,1.14524511530242
3.153221621621622,3.1415929156911946,-0.9999323843132513,1.148424667221088
3.163231531531532,3.141594342252038,-0.9997658886159716,1.1515941416228774
3.1732414414414416,3.1415979368042835,-0.9994992189162921,1.1547536021869294
3.183251351351352,3.1416047019553117,-0.9991324019338395,1.1579031119907088
3.1932612612612616,3.1416156399948174,-0.9986654744227433,1.161042733517561
3.2032711711711714,3.141631752794382,-0.9980984831679542,1.16417252866415
3.2132810810810817,3.141654041707089,-0.9974314849805557,1.1672925587477796
3.2232909909909915,3.141683507467192,-0.9966645466920717,1.170402884513602
3.2333009009009013,3.141721150089842,-0.9957977451477706,1.1735035661417144
3.243310810810811,3.141767968770889,-0.9948311671989652,1.1765946632541442
3.2533207207207213,3.1418249617867664,-0.9937649096943106,1.1796762349217293
3.263330630630631,3.1418931263944634,-0.9925990794701004,1.182748339670891
3.273340540540541,3.141973458731605,-0.9913337933395614,1.1858110354903035
3.2833504504504507,3.1420669537166406,-0.9899691780811499,1.1888643798374612
3.293360360360361,3.142174604949156,-0.9885053704258482,1.191908429645147
3.3033702702702707,3.142297404610316,-0.986942517043465,1.194943241327802
3.3133801801801805,3.142436343363453,-0.9852807745279393,1.1979688707877982
3.3233900900900903,3.142592410254801,-0.9835203093816498,1.200985373421618
3.3334000000000006,3.1427665926144,-0.9816612979987323,1.203992804125939
3.3434099099099104,3.142959875957166,-0.9797039266474048,1.2069912173036283
3.35341981981982,3.143173243884144,-0.9776483914513049,1.2099806668696498
3.36342972972973,3.143407677983955,-0.9754948983698374,1.2129612062568775
3.37343963963964,3.143664157734443,-0.9732436631775387,1.2159328884218288
3.38344954954955,3.143943660404535,-0.9708949114424567,1.2188957658503086
3.39345945945946,3.144247160956318,-0.9684488785035485,1.2218498905629722
3.4034693693693696,3.1445756319473537,-0.9659058094471014,1.224795314120805
3.41347927927928,3.1449300434332277,-0.9632659590821745,1.2277320876305233
3.4234891891891897,3.145311362870356,-0.9605295919150689,1.2306602617498934
3.4334990990990994,3.1457205550190444,-0.9576969821228236,1.2335798866929761
3.4435090090090092,3.1461585818468247,-0.9547684135257443,1.2364910122352932
3.4535189189189195,3.146626402432067,-0.9517441795589648,1.2393936877189187
3.4635288288288293,3.1471249728678825,-0.948624583243047,1.242287962057497
3.473538738738739,3.1476552461663254,-0.9454099371536168,1.245173883741189
3.483548648648649,3.1482181721629034,-0.9421005633900464,1.2480515008415465
3.493558558558559,3.1488146974214075,-0.9386967935431805,1.2509208610163167
3.503568468468469,3.1494457651390677,-0.9351989686621114,1.2537820115141778
3.5135783783783787,3.1501123150520463,-0.9316074392200067,1.2566349991794075
3.5235882882882885,3.1508152833412817,-0.9279225650789934,1.259479870456485
3.5335981981981988,3.1515556025386817,-0.9241447154540996,1.262316671394627
3.5436081081081086,3.152334201433689,-0.9202742688762615,1.2651454476522614
3.5536180180180184,3.153152004980218,-0.9163116131543944,1.2679662445014352
3.563627927927928,3.154009934203976,-0.9122571453365351,1.2707791068321632
3.5736378378378384,3.154908906110179,-0.9081112716700599,1.273584079156713
3.583647747747748,3.155849833591672,-0.9038744075609788,1.2763812056138324
3.593657657657658,3.1568336253374563,-0.8995469775323129,1.2791705299729168
3.603667567567568,3.157861185741644,-0.8951294151815583,1.2819520956381185
3.613677477477478,3.1589334148128376,-0.8906221631372406,1.2847259456523992
3.623687387387388,3.1600512080839542,-0.8860256730145658,1.2874921227015264
3.6336972972972976,3.161215456522492,-0.8813404053701677,1.2902506691180151
3.6437072072072074,3.1624270464412616,-0.8765668296559624,1.2930016268850146
3.6537171171171177,3.163686859409575,-0.8717054241721106,1.2957450376401431
3.6637270270270275,3.1649957721649193,-0.8667566760190929,1.2984809426792676
3.6737369369369373,3.1663546565251064,-0.8617210810489031,1.3012093829602347
3.683746846846847,3.167764379300921,-0.8565991438153656,1.3039303991065498
3.6937567567567573,3.1692258022092674,-0.85139137752358,1.3066440314110064
3.703766666666667,3.170739781786828,-0.8460983039785003,1.309350319839264
3.713776576576577,3.1723071693042404,-0.8407204535326499,1.3120493040333832
3.7237864864864867,3.173928810680802,-0.8352583650329823,1.3147410233153072
3.733796396396397,3.1756055463997126,-0.8297125857668902,1.3174255166903006
3.7438063063063067,3.1773382114238573,-0.8240836714073687,1.3201028228503398
3.7538162162162165,3.179127635112147,-0.8183721859573378,1.3227729801774597
3.7638261261261263,3.1809746411364204,-0.8125787016931311,1.325436026747056
3.7738360360360366,3.18288004739891,-0.8067037991071546,1.3280920003311416
3.7838459459459464,3.184844665950295,-0.8007480668497245,1.330740938401561
3.793855855855856,3.186869302908331,-0.7947121016700838,1.3333828781331645
3.803865765765766,3.188954758377085,-0.7885965083566105,1.3360178564069358
3.813875675675676,3.1911018263667614,-0.7824018996762195,1.3386459098130838
3.823885585585586,3.193311294714147,-0.7761288963129653,1.3412670746540887
3.833895495495496,3.1955839450036714,-0.7697781268058499,1.343881386947713
3.843905405405406,3.1979205524890943,-0.7633502274858448,1.3464888824299703
3.853915315315316,3.2003218860158267,-0.7568458424121345,1.3490895965580558
3.8639252252252256,3.202788707943894,-0.7502656233075801,1.3516835645132397
3.8739351351351354,3.205321774071552,-0.7436102294934207,1.354270821203723
3.8839450450450457,3.2079218335595536,-0.73688032782321,1.3568514012674568
3.8939549549549555,3.2105896288560887,-0.7300765926160002,1.3594253390749225
3.9039648648648653,3.2133258956223907,-0.723199705588776,1.3619926687318809
3.913974774774775,3.216131362659026,-0.7162503557881484,1.3645534240820827
3.9239846846846853,3.21900675183287,-0.7092292395213142,1.3671076387099457
3.933994594594595,3.221952778004777,-0.7021370602862887,1.369655345943197
3.944004504504505,3.2249701489579525,-0.6949745287014152,1.3721965788554835
3.9540144144144147,3.2280595653270385,-0.6877423624341638,1.3747313702689463
3.964024324324325,3.2312217205279077,-0.6804412861292228,1.3772597527567665
3.9740342342342347,3.2344573006881867,-0.6730720313358924,1.3797817586456742
3.9840441441441445,3.2377669845785086,-0.6656353364347827,1.382297420018431
3.9940540540540543,3.2411514435445,-0.6581319465638319,1.3848067687162773
4.004063963963964,3.2446113414395157,-0.6505626135436448,1.38730983634135
4.0140738738738735,3.2481473345581207,-0.6429280958021623,1.3898066542590723
4.024083783783784,3.2517600715703323,-0.6352291582986677,1.3922972536005107
4.034093693693694,3.2554501934566247,-0.6274665724471424,1.3947816652647036
4.044103603603603,3.2592183334437035,-0.6196411160389708,1.3972599199209625
4.054113513513514,3.2630651169410605,-0.6117535731650049,1.3997320480111435
4.064123423423424,3.266991161478306,-0.6038047341370052,1.4021980797518896
4.074133333333333,3.2709970766432948,-0.5957953954084512,1.4046580451368484
4.084143243243243,3.2750834640210504,-0.5877263594947364,1.4071119739388607
4.094153153153153,3.2792509171334823,-0.5795984348927635,1.4095598957121211
4.104163063063063,3.283500021379921,-0.5714124359999295,1.4120018397943164
4.114172972972973,3.28783135397846,-0.5631691830325298,1.414437835308732
4.124182882882883,3.292245483908121,-0.5548695019435725,1.4168679111663383
4.134192792792793,3.2967429718518435,-0.5465142243400183,1.4192920960678495
4.144202702702703,3.3013243701403057,-0.5381041873994594,1.4217104185057556
4.154212612612612,3.3059902226965816,-0.5296402337862345,1.4241229067663332
4.164222522522523,3.310741064981644,-0.5211232115669936,1.4265295889316314
4.174232432432432,3.315577423940709,-0.5125539741257296,1.4289304928814301
4.184242342342342,3.32049981795044,-0.5039333800782646,1.431325646295182
4.1942522522522525,3.3255087567670074,-0.4952622931862245,1.433715076653924
4.204262162162162,3.3306047414750095,-0.4865415822704902,1.4360988112421698
4.214272072072072,3.3357882644372707,-0.4777721211241412,1.4384768771497807
4.224281981981982,3.341059809245502,-0.4689547884249087,1.4408493012738117
4.234291891891892,3.34641985067185,-0.46009046764713174,1.4432161103203358
4.244301801801802,3.3518688546213253,-0.45118004697323333,1.4455773308062507
4.254311711711711,3.3574072780851196,-0.44222441920473204,1.4479329890610582
4.2643216216216215,3.3630355690948157,-0.4332244816727792,1.450283111228628
4.274331531531532,3.368754166677498,-0.4241811361482545,1.4526277232689373
4.284341441441441,3.374563500811759,-0.41509528875140794,1.4549668509597922
4.294351351351351,3.3804639923846227,-0.40596784986106693,1.4573005198985283
4.304361261261262,3.386456053149367,-0.3967997340234233,1.4596287555036904
4.314371171171171,3.3925400856842693,-0.38759185986039557,1.4619515830166945
4.324381081081081,3.398716483352271,-0.3783451499775832,1.4642690275034704
4.334390990990991,3.4049856302615598,-0.36906053087182916,1.466581113856083
4.344400900900901,3.411347901227087,-0.35973893283838115,1.4688878667943377
4.354410810810811,3.4178036617330076,-0.35038128987768385,1.4711893108673662
4.36442072072072,3.4243532678960644,-0.3409885396017922,1.473485470455193
4.374430630630631,3.430997066429903,-0.3315616231404224,1.4757763697702873
4.384440540540541,3.4377353946103324,-0.32210148504665814,1.4780620328590919
4.39445045045045,3.4445685802415307,-0.31260907320230624,1.48034248360354
4.4044603603603605,3.4514969416232018,-0.30308533872291893,1.4826177457225516
4.41447027027027,3.4585207875186796,-0.29353123586250013,1.4848878427735133
4.42448018018018,3.4656404171239936,-0.2839477219178852,1.487152798153743
4.43449009009009,3.472856120037889,-0.2743357571328278,1.489412635101935
4.4445,3.480168176232807,-0.2646963046017836,1.4916673766995925
4.45450990990991,3.4875768560268385,-0.25503033017340815,1.4939170458724411
4.46451981981982,3.495082420056633,-0.24533880235378602,1.496161665391827
4.4745297297297295,3.5026851192512845,-0.23562269220938697,1.4984012578761015
4.48453963963964,3.510385194807194,-0.2258829732697645,1.5006358457919868
4.49454954954955,3.518182878163895,-0.21612062143001606,1.5028654514559299
4.504559459459459,3.526078390980868,-0.2063366148529982,1.5050900970354382
4.51456936936937,3.5340719451153326,-0.19653193387131454,1.5073098045504036
4.524579279279279,3.542163742601013,-0.186707560889095,1.509524595874409
4.534589189189189,3.550353975627904,-0.17686448028355442,1.5117344927360221
4.544599099099099,3.5586428265230063,-0.16700367830636664,1.5139395167200742
4.554609009009009,3.5670304677320592,-0.15712614298484193,1.5161396892689256
4.564618918918919,3.5755170618022687,-0.14723286402292643,1.5183350316837168
4.574628828828829,3.584102761366011,-0.13732483270204182,1.5205255651256047
4.584638738738739,3.5927877091255436,-0.12740304178175857,1.5227113106169876
4.594648648648649,3.60157203783871,-0.1174684854003215,1.5248922890427161
4.604658558558558,3.610455870305632,-0.10752215897504565,1.527068521151289
4.6146684684684685,3.61943931935641,-0.0975650591025711,1.5292400275560392
4.624678378378379,3.628522487839814,-0.08759818345901257,1.5314068287363036
4.634688288288288,3.6377054686129795,-0.07762253069999224,1.5335689450385832
4.644698198198198,3.6469883445321076,-0.0676391003605743,1.5357263966776893
4.6547081081081085,3.6563711884441563,-0.05764889275511938,1.5378792037378772
4.664718018018018,3.6658540631795447,-0.04765290887705297,1.5400273861739675
4.674727927927928,3.6754370215458607,-0.03765215029856576,1.5421709638124579
4.6847378378378375,3.685120106322562,-0.027647619070264792,1.544309956352618
4.694747747747748,3.694903350256699,-0.017640317620763526,1.5464443833675787
4.704757657657658,3.7047867760596254,-0.0076312486562472,1.5485742643054048
4.714767567567567,3.714770396404727,0.002378584939998435,1.550699618490159
4.724777477477478,3.724854213926153,0.012388180208076133,1.5528204651229538
4.734787387387388,3.735038221218547,0.022396534211965864,1.5549368232829923
4.744797297297297,3.745322400837794,0.03240264414001911,1.5570487119285978
4.754807207207207,3.755706725302766,0.04240550740544072,1.5591561498982334
4.764817117117117,3.766191157098075,0.052404121746739335,1.561259155911509
4.774827027027027,3.7767756486778348,0.062397485328158565,1.5633577485701813
4.784836936936937,3.787460142470421,0.07238459684005213,1.565451946359138
4.794846846846847,3.798244570884241,0.08236445559921528,1.5675417676473775
4.804856756756757,3.8091288563145107,0.09233606164915328,1.569627230688974
4.814866666666667,3.820112911151022,0.10229841586026926,1.5717083536240348
4.824876576576576,3.831196637786928,0.11225052002997711,1.5737851544796466
4.834886486486487,3.8423799286285214,0.12219137698272144,1.5758576511708133
4.844896396396396,3.853662666106012,0.13211999066988594,1.5779258615013818
4.854906306306306,3.8650447226853135,0.14203536626960192,1.579989803164962
4.8649162162162165,3.876525960880813,0.1519365102864208,1.582049493745832
4.874926126126126,3.8881062332691534,0.1618224306508624,1.5841049507198397
4.884936036036036,3.8997853825040054,0.17169213681882056,1.586156191455291
4.894945945945946,3.9115632413318275,0.18154463987080774,1.5882032332138307
4.904955855855856,3.923439632608629,0.19137895261104487,1.590246093151314
4.914965765765766,3.9354143693177197,0.20119408966637864,1.5922847883186702
4.924975675675675,3.9474872545884434,0.21098906758500707,1.594319335662754
4.9349855855855855,3.9596580817159115,0.22076290493502598,1.5963497520271945
4.944995495495496,3.971926634181707,0.23051462240275994,1.5983760541532284
4.955005405405405,3.9842926856755825,0.24024324289088939,1.6003982586805299
4.965015315315315,3.996756000118138,0.24994779161635614,1.602416382148031
4.975025225225226,4.009316331684471,0.2596272962080289,1.6044304409947319
4.985035135135135,4.021973424828809,0.26928078680413486,1.606440451560505
4.995045045045045,4.034727014310118,0.2789072961494402,1.6084464300868908
5.005054954954955,4.047576825218673,0.2885058596921604,1.6104483927178839
5.015064864864865,4.06052257300361,0.29807551568061275,1.6124463555007147
5.025074774774775,4.073563963501431,0.30761530525957553,1.6144403343866192
5.035084684684684,4.086700692965479,0.3171242725663654,1.6164303452316036
5.045094594594595,4.099932448096382,0.32660146482661484,1.6184164037972022
5.055104504504505,4.11325890607343,0.3360459324497329,1.6203985257512248
5.065114414414414,4.126679734586932,0.3454567291240541,1.622376726668498
5.0751243243243245,4.140194591871509,0.3548329119116589,1.6243510220316024
5.085134234234234,4.153803126740336,0.364173541342848,1.6263214272315953
5.095144144144144,4.167504978620337,0.3734776815102815,1.6282879575687352
5.105154054054054,4.181299777588302,0.38274440016274847,1.630250628253191
5.115163963963964,4.195187144407962,0.39197276879857873,1.632209454405749
5.125173873873874,4.209166690567986,0.4011618627586788,1.6341644510585138
5.135183783783784,4.223238018320904,0.4103107613191756,1.6361156331555973
5.1451936936936935,4.237400720722964,0.4194185477836729,1.6380630155538058
5.155203603603604,4.251654381674911,0.42848430957510436,1.6400066130233193
5.165213513513514,4.2659985759636685,0.4375071383271669,1.6419464402483623
5.175223423423423,4.28043286930495,0.44648612997533893,1.6438825118278704
5.185233333333334,4.294956818386778,0.45542038484746755,1.645814842276149
5.195243243243243,4.309569970913891,0.46430900775390815,1.6477434460235265
5.205253153153153,4.324271865653076,0.4731511080772262,1.6496683374170007
5.215263063063063,4.33906203247937,0.4819457998614296,1.6515895307208797
5.225272972972973,4.353939992423171,0.49069220190074125,1.6535070401174148
5.235282882882883,4.368905257718234,0.49938943782789647,1.6554208797074303
5.245292792792793,4.383957331850536,0.5080366362019474,1.6573310635109448
5.255302702702703,4.39909570960803,0.5166329305955822,1.659237605467787
5.265312612612613,4.414319877131267,0.5251774596819407,1.661140519438208
5.275322522522522,4.429629311964877,0.5336693673209122,1.6630398192034828
5.2853324324324324,4.445023483109928,0.5421078026449241,1.664935518466512
5.295342342342343,4.460501851077119,0.5504919201441917,1.6668276308524137
5.305352252252252,4.476063867940843,0.5588208797514386,1.6687161699091106
5.315362162162162,4.491708977394089,0.567093846926071,1.6706011491079138
5.3253720720720725,4.507436614804178,0.5753099927377926,1.6724825818440971
5.335381981981982,4.5232462072693345,0.5834684939496634,1.67436048143747
5.345391891891892,4.539137173676105,0.5915685331005877,1.6762348611329423
5.3554018018018015,4.555108924757563,0.5996092985872173,1.6781057341010857
5.365411711711712,4.57116086315237,0.6075899847452773,1.6799731134386877
5.375421621621622,4.587292383464621,0.6155097919302867,1.6818370121693036
5.385431531531531,4.6035028723244995,0.6233679265976829,1.683697443243799
5.3954414414414416,4.6197917084497515,0.6311636013823354,1.6855544195408922
5.405451351351352,4.636158262707916,0.6388960351774327,1.6874079538676876
5.415461261261261,4.652601898179377,0.6465644532127501,1.6892580589602055
5.425471171171171,4.6691219702211795,0.6541680871322816,1.691104747483909
5.435481081081081,4.685717826531611,0.6617061750712218,1.6929480320342216
5.445490990990991,4.702388807215575,0.6691779617323093,1.6947879251370452
5.455500900900901,4.7191342448507,0.6765826984614999,1.696624439249269
5.465510810810811,4.735953464554216,0.6839196433229826,1.6984575867592764
5.475520720720721,4.7528457840505824,0.691188061173521,1.7002873799874463
5.485530630630631,4.769810513739839,0.6983872237361095,1.7021138311866495
5.49554054054054,4.78684695676671,0.7055164096729462,1.7039369525427412
5.505550450450451,4.803954409090428,0.712574904657711,1.7057567561750502
5.51556036036036,4.821132159555272,0.7195620014471359,1.7075732541368591
5.52557027027027,4.838379489961827,0.7264769999518723,1.7093864584158873
5.5355801801801805,4.855695675138944,0.7333192073066354,1.711196380934762
5.54559009009009,4.873079983016398,0.7400879379396282,1.7130030335514903
5.5556,4.890531674698249,0.7467825136412368,1.714806428059927
5.56560990990991,4.908050004536866,0.7534022636319812,1.7166065761902325
5.57561981981982,4.925634220207644,0.7599465246297271,1.7184034896093343
5.58562972972973,4.943283562784389,0.7664146409161481,1.7201971799213793
5.595639639639639,4.96099726681535,0.7728059644024212,1.7219876586681824
5.6056495495495495,4.9787745603999305,0.7791198546941701,1.7237749373296742
5.61565945945946,4.996614665266014,0.7853556791556255,1.7255590273243413
5.625669369369369,5.014516796847954,0.7915128129730163,1.7273399400096636
5.635679279279279,5.032480164365193,0.7975906392171759,1.7291176866825497
5.64568918918919,5.050503970901479,0.8035885489053528,1.7308922785797654
5.655699099099099,5.068587413484726,0.8095059410622321,1.7326637268783605
5.665709009009009,5.086729683167472,0.8153422227801521,1.734432042696091
5.6757189189189186,5.104929965107923,0.8210968092785094,1.7361972370918384
5.685728828828829,5.123187438651609,0.8267691239623556,1.7379593210660236
5.695738738738739,5.141501277413604,0.832358598480168,1.7397183055610188
5.705748648648648,5.15987064936133,0.837864672780798,1.741474201461555
5.715758558558559,5.178294716897927,0.8432867951695885,1.7432270195951267
5.725768468468469,5.196772636946175,0.848624422363649,1.744976770732392
5.735778378378378,5.215303561032966,0.8538770195462929,1.7467234655875694
5.7457882882882885,5.233886635374329,0.8590440604206264,1.7484671148188324
5.755798198198198,5.252521000960963,0.8641250272622785,1.7502077290286988
5.765808108108108,5.271205793644319,0.8691194109712793,1.7519453187644183
5.775818018018018,5.289940144223179,0.8740267111230676,1.7536798945183547
5.785827927927928,5.308723178530748,0.8788464360186337,1.7554114667283676
5.795837837837838,5.32755401752225,0.8835781027337868,1.7571400457781885
5.805847747747748,5.346431777362997,0.8882212371675414,1.7588656419977944
5.8158576576576575,5.365355569516951,0.8927753740896214,1.760588265663778
5.825867567567568,5.384324500835758,0.8972400571870766,1.7623079269997155
5.835877477477478,5.403337673648228,0.9016148391100015,1.7640246361765304
5.845887387387387,5.422394185850288,0.9058992815163601,1.765738403312854
5.855897297297298,5.441493130995371,0.9100929551159076,1.7674492384753844
5.865907207207207,5.4606335983852325,0.9141954397132014,1.7691571516792393
5.875917117117117,5.4798146731612105,0.9182063242497068,1.77086215288831
5.885927027027027,5.4990354363958796,0.9221252068449816,1.772564252015609
5.895936936936937,5.518294965185133,0.9259516948369442,1.7742634589236155
5.905946846846847,5.537592332740657,0.9296854048212186,1.7759597834246195
5.915956756756757,5.556926608482789,0.9333259626895486,1.7776532352810606
5.925966666666667,5.576296858133756,0.9368730036672834,1.7793438242058652
5.935976576576577,5.595702143811296,0.940326172349928,1.781031559862782
5.945986486486486,5.615141524122621,0.9436851227387515,1.7827164518667116
5.955996396396396,5.634614054258752,0.9469495182754583,1.784398509784037
5.966006306306307,5.65411878608918,0.9501190318759073,1.786077743132948
5.976016216216216,5.673654768256863,0.953193345962887,1.7877541613837649
5.986026126126126,5.693221046273566,0.9561721524979359,1.7894277739592597
5.9960360360360365,5.712816662615476,0.9590551530122057,1.7910985902349725
6.006045945945946,5.732440656819158,0.9618420586363682,1.7927666195395273
6.016055855855856,5.75209206557779,0.9645325901295597,1.7944318711549456
6.0260657657657655,5.771769922837676,0.9671264779073587,1.7960943543169536
6.036075675675676,5.791473259895056,0.9696234620687993,1.797754078215293
6.046085585585586,5.811201105493148,0.9720232924224116,1.7994110519940225
6.056095495495495,5.830952485919482,0.9743257285112896,1.8010652847518223
6.0661054054054055,5.850726425103462,0.9765305396371866,1.802716785542293
6.076115315315316,5.870521944714154,0.9786375048836283,1.804365563374253
6.086125225225225,5.890338064258325,0.9806464131380489,1.8060116272120335
6.096135135135135,5.91017380117868,0.9825570631129449,1.8076549859757707
6.106145045045045,5.93002817095231,0.9843692633660419,1.809295648541696
6.116154954954955,5.949900187189349,0.9860828323194784,1.810933623742424
6.126164864864865,5.969788861731791,0.9876975982779977,1.8125689203672366
6.136174774774775,5.989693204752514,0.9892133994461527,1.8142015471623676
6.146184684684685,6.009612224854458,0.9906300839445171,1.8158315128312823
6.156194594594595,6.02954492916995,0.9919475098249028,1.817458826034956
6.166204504504504,6.049490323460197,0.9931655450845829,1.8190834953921506
6.176214414414415,6.069447412214904,0.9942840676795187,1.8207055294796883
6.186224324324324,6.089415198752017,0.9953029655365875,1.8223249368327228
6.196234234234234,6.109392685317596,0.9962221365648122,1.8239417259450093
6.2062441441441445,6.129378873185779,0.9970414886655906,1.8255559052691714
6.216254054054054,6.149372762758854,0.9977609397419237,1.827167483216967
6.226263963963964,6.169373353667425,0.9983804177066412,1.8287764681595509
6.236273873873874,6.189379644870631,0.9988998604896245,1.8303828684277346
6.246283783783784,6.209390634756461,0.9993192160440265,1.8319866923122468
6.256293693693694,6.2294053212421066,0.9996384423514858,1.8335879480639896
6.266303603603603,6.2494227018743675,0.9998575074263372,1.8351866438942928
6.2763135135135135,6.269441773930102,0.9999763893188167,1.8367827879751666
6.286323423423424,6.289461534516687,0.9999950761172609,1.838376388439553
6.296333333333333,6.30948098067251,0.9999135659492997,1.8399674533815729
6.306343243243243,6.32949910946747,0.9997318669820452,1.8415559908567747
6.316353153153154,6.349514918103456,0.9994499974212722,1.8431420088823776
6.326363063063063,6.36952740401483,0.9990679855095946,1.8447255154375146
6.336372972972973,6.38953556496889,0.9985858695236357,1.8463065184634742
6.3463828828828825,6.409538399166276,0.9980036977701926,1.8478850258639379
6.356392792792793,6.429534905341362,0.9973215285813961,1.849461045505219
6.366402702702703,6.449524082862569,0.9965394303088659,1.8510345852164962
6.376412612612612,6.469504931832629,0.9956574813168625,1.8526056527900479
6.386422522522523,6.489476453188782,0.9946757699744343,1.854174255981484
6.396432432432433,6.509437648802863,0.9935943946465642,1.8557404025099742
6.406442342342342,6.529387521581322,0.9924134636843129,1.8573041000584771
6.4164522522522525,6.549325075565132,0.9911330954139631,1.858865356273967
6.426462162162163,6.569249316029575,0.9897534181251632,1.860424178767656
6.436472072072072,6.589159249583911,0.9882745700580725,1.8619805751152188
6.446481981981982,6.609053884270923,0.986696699389511,1.8635345528570126
6.456491891891892,6.628932229666296,0.9850199642181114,1.8650861194982966
6.466501801801802,6.648793296977863,0.9832445325484785,1.866635282509449
6.476511711711712,6.668636099144677,0.9813705822743557,1.8681820493261838
6.4865216216216215,6.6884596509359096,0.9793983011608004,1.8697264273497634
6.496531531531532,6.708262969049576,0.9773278868253696,1.871268423947213
6.506541441441442,6.728045072211051,0.9751595467183207,1.87280804645153
6.516551351351351,6.7478049812713925,0.9728934981018245,1.8743453021618934
6.526561261261262,6.767541719305456,0.9705299680281957,1.8758801983438724
6.536571171171171,6.787254311709768,0.968069193317144,1.8774127422296314
6.546581081081081,6.806941786300194,0.9655114205320444,1.8789429410181346
6.556590990990991,6.826603173409334,0.9628569059552325,1.8804708018753498
6.566600900900901,6.846237505983689,0.9601059155623264,1.8819963319344484
6.576610810810811,6.865843819680558,0.9572587249955745,1.8835195382960064
6.586620720720721,6.885421152964658,0.9543156195362394,1.8850404280282016
6.596630630630631,6.904968547204469,0.9512768940760123,1.8865590081670118
6.606640540540541,6.924485046768291,0.9481428530874647,1.8880752857164087
6.61665045045045,6.943969699119987,0.944913810593543,1.8895892676485524
6.62666036036036,6.963421554914436,0.9415900901361018,1.8911009609039842
6.636670270270271,6.982839668092642,0.9381720247434884,1.8926103723918162
6.64668018018018,7.002223095976537,0.9346599568971727,1.894117508989922
6.65669009009009,7.021570899363432,0.931054238497431,1.8956223775451244
6.6667000000000005,7.040882142620122,0.9273552308280875,1.8971249848733813
6.67670990990991,7.060155893776629,0.923563304520315,1.8986253377599724
6.68671981981982,7.079391224619597,0.9196788395154962,1.9001234429596818
6.6967297297297295,7.098587210785279,0.9157022250271581,1.9016193071969807
6.70673963963964,7.117742931852175,0.9116338595019701,1.903112937166209
6.71674954954955,7.136857471433235,0.9074741505798235,1.9046043395317542
6.726759459459459,7.1559299172676925,0.903223515052986,1.906093520928231
6.7367693693693695,7.174959361312473,0.8988823788243393,1.9075804879606573
6.74677927927928,7.193944899833166,0.8944511768647061,1.9090652472046306
6.756789189189189,7.212885633494584,0.8899303531692669,1.910547805206502
6.766799099099099,7.2317806674508756,0.8853203607130713,1.91202816848355
6.776809009009009,7.250629111435178,0.8806216614056539,1.9135063435241517
6.786818918918919,7.269430079848834,0.8758347260447484,1.9149823367879544
6.796828828828829,7.2881826918501105,0.8709600342691186,1.9164561547060432
6.806838738738739,7.306886071442464,0.865998074510498,1.9179278036811116
6.816848648648649,7.325539347562319,0.8609493439446491,1.9193972900876262
6.826858558558559,7.344141654166338,0.8558143484415497,1.9208646202719937
6.836868468468468,7.362692130318194,0.850593602514706,1.9223298005527243
6.846878378378379,7.38118992027485,0.8452876292695968,1.9237928372205964
6.856888288288288,7.3996341735722835,0.8398969603512638,1.925253736538817
6.866898198198198,7.418024045110714,0.8344221358910382,1.9267125047431841
6.8769081081081085,7.436358695239273,0.828863704452424,1.9281691480422452
6.886918018018018,7.454637289840136,0.8232222229761321,1.9296236726174563
6.896927927927928,7.472859000412103,0.8174982567242748,1.9310760846233397
6.906937837837838,7.4910230041536074,0.8116923792237307,1.9325263901876395
6.916947747747748,7.509128484045158,0.8058051722086778,1.933974595411477
6.926957657657658,7.527174628931212,0.7998372255623029,1.935420706369506
6.936967567567567,7.545160633601434,0.7937891372577011,1.9368647291100622
6.9469774774774775,7.563085698871393,0.7876615132979559,1.9383066696553197
6.956987387387388,7.5809490316626285,0.781454967655423,1.9397465340014375
6.966997297297297,7.598749845082114,0.7751701222102102,1.9411843281187113
6.977007207207207,7.6164873585011135,0.7688076066878652,1.9426200579517225
6.987017117117118,7.634160797633382,0.7623680585962813,1.9440537294194835
6.997027027027027,7.651769394612758,0.7558521231618202,1.945485348415586
7.007036936936937,7.669312388070103,0.7492604532646591,1.9469149208083458
7.0170468468468465,7.686789023209577,0.7425937093733785,1.9483424524409465
7.027056756756757,7.704198551884283,0.7358525594787801,1.9497679491315845
7.037066666666667,7.721540232671216,0.7290376790269598,1.9511914166736086
7.047076576576576,7.738813330945557,0.7221497508516281,1.952612860835664
7.057086486486487,7.7560171189542855,0.71518946510569,1.9540322873618314
7.067096396396397,7.773150875889088,0.708157519192097,1.9554497019717656
7.077106306306306,7.790213887958587,0.7010546176939676,1.9568651103608343
7.0871162162162165,7.807205448459867,0.6938814723039877,1.9582785182002567
7.097126126126127,7.824124857849272,0.6866388017531042,1.9596899311372378
7.107136036036036,7.840971423812503,0.6793273317385091,1.9610993547951043
7.117145945945946,7.857744461333994,0.6719477948509238,1.9625067947734407
7.127155855855856,7.874443292765536,0.6645009305012,1.9639122566482203
7.137165765765766,7.891067247894186,0.6569874848462272,1.9653157459719395
7.147175675675676,7.907615664009413,0.6494082107141749,1.9667172682737488
7.1571855855855855,7.924087885969503,0.6417638675290587,1.9681168290595834
7.167195495495496,7.940483266267208,0.634055221234646,1.9695144338122932
7.177205405405406,7.956801165094613,0.6262830442177143,1.9709100879917714
7.187215315315315,7.973040950407253,0.6184481152306583,1.9723037970350832
7.197225225225226,7.989201997987438,0.6105512193134587,1.9736955663565918
7.207235135135135,8.005283691506797,0.6025931477150276,1.9750854013480854
7.217245045045045,8.02128542258804,0.5945746978139225,1.9764733073789025
7.227254954954955,8.037206590865905,0.5864966730384555,1.9778592897960559
7.237264864864865,8.053046604047315,0.5783598827861897,1.9792433539243564
7.247274774774775,8.06880487797074,0.5701651423428375,1.9806255050665362
7.257284684684685,8.084480836664701,0.5619132728005757,1.9820057485033702
7.267294594594595,8.100073912405506,0.5536051009757712,1.9833840894937966
7.277304504504505,8.11558354577412,0.5452414593261349,1.9847605332750387
7.287314414414414,8.131009185712225,0.5368231858673159,1.986135085062722
7.297324324324324,8.146350289577429,0.5283511240889289,1.9875077500509954
7.307334234234235,8.161606323197638,0.5198261228700438,1.9888785334126466
7.317344144144144,8.176776760924584,0.511249036394128,1.9902474402992205
7.327354054054054,8.19186108568649,0.502620724063457,1.9916144758411352
7.3373639639639645,8.206858789039877,0.49394205041300926,1.9929796451477966
7.347373873873874,8.22176937122051,0.4852138850238394,1.994342953307714
7.357383783783784,8.23659234119348,0.4764371024359463,1.995704405388613
7.3673936936936935,8.251327216702393,0.46761258206065176,1.997064006437549
7.377403603603604,8.265973524317697,0.4587412080924795,1.99842176148102
7.387413513513514,8.280530799484124,0.4498238694205664,1.999777675525077
7.397423423423423,8.294998586567223,0.4408614595395962,2.0011317535554345
7.4074333333333335,8.309376438899026,0.4318548764602707,2.002484000537583
7.417443243243244,8.323663918822797,0.42280502261933645,2.003834421416894
7.427453153153153,8.337860597736888,0.4137128047891603,2.005183021118734
7.437463063063063,8.35196605613768,0.40457913398687095,2.0065298045485673
7.447472972972973,8.365979883661618,0.39540492538308264,2.007874776592065
7.457482882882883,8.379901679126329,0.3861910982101913,2.009217942115213
7.467492792792793,8.393731050570814,0.37693857567027517,2.0105593059644136
7.477502702702703,8.407467615294733,0.36764828484258993,2.011898872966595
7.487512612612613,8.421110999896738,0.3583211565906754,2.0132366479293125
7.497522522522523,8.434660840311897,0.3489581254690902,2.014572635640853
7.507532432432432,8.448116781848164,0.3395601296297692,2.015906840870337
7.517542342342343,8.461478479221924,0.33012811072802073,2.017239268367823
7.527552252252252,8.474745596592587,0.32066301382818085,2.0185699228644056
7.537562162162162,8.48791780759624,0.31116578730891375,2.0198988090723202
7.5475720720720725,8.500994795378348,0.3016373827681923,2.021225931685039
7.557581981981982,8.513976252625497,0.2920787549279479,2.022551295377374
7.567591891891892,8.526861881596192,0.2824908615384073,2.0238749048055737
7.577601801801802,8.53965139415069,0.27287466328213356,2.0251967646074216
7.587611711711712,8.552344511779866,0.26323112367776536,2.0265168794023345
7.597621621621622,8.564940965633122,0.25356120898347245,2.027835253791459
7.607631531531531,8.577440496545325,0.24386588810014517,2.0291518923577665
7.6176414414414415,8.589842855062777,0.23414613247430588,2.0304667996661507
7.627651351351352,8.602147801468204,0.22440291600077866,2.031779980263522
7.637661261261261,8.614355105804778,0.21463721492510504,2.033091438678901
7.647671171171171,8.62646454789916,0.20485000774572382,2.0344011794235124
7.657681081081082,8.638475917383557,0.1950422751159335,2.0357092069908793
7.667690990990991,8.650389013716806,0.1852149997456305,2.0370155258569143
7.677700900900901,8.66220364620446,0.1753691663028416,2.038320140480012
7.687710810810811,8.673919634017905,0.16550576131506792,2.0396230553011407
7.697720720720721,8.685536806212463,0.15562577307043474,2.0409242747439325
7.707730630630631,8.697055001744541,0.14573019151866495,2.0422238032147733
7.71774054054054,8.708474069487748,0.13582000817189469,2.0435216451028926
7.727750450450451,8.71979386824805,0.12589621600531936,2.044817804780453
7.737760360360361,8.731014266777912,0.11595980935770618,2.0461122866026376
7.74777027027027,8.742135143789447,0.10601178383176131,2.047405094907738
7.7577801801801805,8.753156387966577,0.09605313619437039,2.048696234017243
7.767790090090091,8.764077897976174,0.08608486427673025,2.0499857082359223
7.7778,8.774899582478225,0.07610796687436619,2.051273521851915
7.78780990990991,8.785621360134979,0.0661234436470525,2.0525596791368157
7.79781981981982,8.796243159619095,0.056132295018655284,2.053844184345757
7.80782972972973,8.806764919620793,0.0461355220768855,2.055127041717496
7.81783963963964,8.817186588853993,0.03613412647299864,2.0564082554744965
7.8278495495495495,8.827508126061456,0.026129110321429228,2.0576878298230143
7.83785945945946,8.83772950001892,0.016121476099378775,2.05896576895318
7.84786936936937,8.847850689538225,0.006112226546375492,2.060242077039079
7.857879279279279,8.857871683469435,-0.0038976354362003636,2.0615167582388345
7.86788918918919,8.86779248070196,-0.013907106885607307,2.062789816694691
7.877899099099099,8.877613090164663,-0.023915184878230734,2.064061256533092
7.887909009009009,8.887333530824971,-0.03392086663008042,2.0653310818647608
7.897918918918919,8.896953831686965,-0.04392314959726072,2.0665992967847826
7.907928828828829,8.906474031788482,-0.053921031576425575,2.0678659053726802
7.917938738738739,8.915894180197201,-0.06391351080519941,2.069130911692495
7.927948648648649,8.925214336005727,-0.07389958606254586,2.0703943197928663
7.937958558558559,8.934434568325667,-0.0838782567690902,2.071656133707105
7.947968468468469,8.943554956280712,-0.0938485230873776,2.0729163574532747
7.957978378378378,8.9525755889987,-0.10380938602204798,2.0741749950342676
7.967988288288288,8.961496565602696,-0.11375984751994,2.0754320504378794
7.977998198198199,8.970317995201047,-0.12369891057008718,2.076687527636887
7.988008108108108,8.979039996876462,-0.13362557930361857,2.0779414305891213
7.998018018018018,8.987662699674077,-0.14353885909354488,2.0791937632375452
8.008027927927929,8.99618624258852,-0.15343775665441234,2.0804445295103258
8.018037837837838,9.004610774549986,-0.16332128014183,2.0816937333209085
8.028047747747747,9.01293645440932,-0.17318843925185176,2.082941378568092
8.038057657657658,9.021163450922097,-0.1830382453202014,2.0841874691360993
8.048067567567568,9.029291942731707,-0.19286971142132828,2.0854320088946516
8.058077477477477,9.037322118351463,-0.20268185246730497,2.0866750016990396
8.068087387387388,9.045254176145717,-0.21247368530652555,2.0879164513901967
8.078097297297298,9.053088324309968,-0.22224422882220962,2.089156361794767
8.088107207207207,9.060824780850018,-0.2319925040307181,2.09039473672518
8.098117117117118,9.06846377356012,-0.24171753417963976,2.091631579979718
8.108127027027027,9.076005540000155,-0.251418344845654,2.092866895342588
8.118136936936937,9.083450327471827,-0.2610939640321762,2.094100686583989
8.128146846846848,9.090798392993891,-0.27074342226674397,2.0953329574601836
8.138156756756757,9.09805000327639,-0.2803657526981506,2.096563711713564
8.148166666666667,9.105205434693941,-0.28995999119333155,2.0977929530727226
8.158176576576576,9.11226497325804,-0.29952517643396126,2.0990206852525177
8.168186486486487,9.119228914588398,-0.30906035001277804,2.100246911954143
8.178196396396396,9.12609756388333,-0.3185645565296075,2.1014716368651927
8.188206306306306,9.132871235889173,-0.3280368436871014,2.1026948636597274
8.198216216216217,9.139550254868743,-0.33747626238614986,2.1039165959983444
8.208226126126126,9.146134954568847,-0.3468818668209744,2.1051368375282378
8.218236036036036,9.152625678186848,-0.3562527145739046,2.106355591883268
8.228245945945947,9.159022778336277,-0.36558786670980153,2.1075728626840253
8.238255855855856,9.16532661701149,-0.3748863878701313,2.1087886535378937
8.248265765765765,9.17153756555141,-0.38414734636669573,2.1100029680391166
8.258275675675677,9.177656004602323,-0.3933698142749801,2.1112158097688583
8.268285585585586,9.183682324079715,-0.4025528675271239,2.11242718229527
8.278295495495495,9.189616923129233,-0.4116955860045201,2.11363708917355
8.288305405405406,9.195460210086674,-0.4207970536300035,2.114845533946011
8.298315315315316,9.201212602437069,-0.42985635845963466,2.1160525201421345
8.308325225225225,9.206874526772866,-0.43887259277408397,2.117258051278641
8.318335135135134,9.212446418751174,-0.44784485316957656,2.1184621308595464
8.328345045045046,9.217928723050115,-0.45677224064841393,2.119664762376225
8.338354954954955,9.223321893324272,-0.46565386070904524,2.120865949307468
8.348364864864864,9.228626392159226,-0.4744888234357034,2.122065695119548
8.358374774774775,9.233842691025217,-0.4832762435875676,2.123264003266275
8.368384684684685,9.238971270229893,-0.49201524068745767,2.1244608771890587
8.378394594594594,9.24401261887019,-0.5007049391100649,2.125656320316965
8.388404504504505,9.24896723478333,-0.5093444681696825,2.12685033606678
8.398414414414415,9.253835624496924,-0.5179329622074423,2.1280429278430613
8.408424324324324,9.258618303178238,-0.52646956067806,2.129234099038203
8.418434234234235,9.263315794582565,-0.5349534082360552,2.13042385303249
8.428444144144144,9.267928631000741,-0.5433836548214507,2.1316121931941567
8.438454054054054,9.272457353205821,-0.5517594557449548,2.1327991228794434
8.448463963963965,9.276902510398891,-0.5600799717725929,2.133984645432654
8.458473873873874,9.281264660154033,-0.5683443692097924,2.1351687641862123
8.468483783783784,9.285544368362475,-0.5765518199849249,2.1363514824607184
8.478493693693695,9.289742209175865,-0.584701501732273,2.1375328035650036
8.488503603603604,9.293858764948766,-0.5927925978744248,2.138712730796187
8.498513513513513,9.29789462618029,-0.6008242977041017,2.139891267439731
8.508523423423423,9.30185039145494,-0.6087957964653831,2.141068416769494
8.518533333333334,9.30572666738263,-0.616706295434344,2.1422441820477887
8.528543243243243,9.309524068537904,-0.6245550019990794,2.143418566525432
8.538553153153153,9.313243217398357,-0.6323411297391306,2.1445915734418026
8.548563063063064,9.31688474428227,-0.6400638985042778,2.1457632060248923
8.558572972972973,9.320449287285438,-0.6477225344927058,2.1469334674913605
8.568582882882883,9.323937492217258,-0.6553162703285446,2.1481023610465866
8.578592792792794,9.327350012536,-0.6628443451387546,2.149269889884723
8.588602702702703,9.330687509283342,-0.6703060046293603,2.1504360571887475
8.598612612612612,9.333950651018133,-0.6777005011610363,2.151600866130515
8.608622522522523,9.33714011374941,-0.6850270938240154,2.1527643198708093
8.618632432432433,9.340256580868648,-0.6922850485123213,2.153926421559395
8.628642342342342,9.343300743081308,-0.6994736379973325,2.1550871743350686
8.638652252252253,9.346273298337614,-0.7065921420006445,2.156246581325709
8.648662162162163,9.349174951762626,-0.7136398472662363,2.1574046456483273
8.658672072072072,9.352006415585587,-0.7206160476319444,2.1585613704091196
8.668681981981981,9.354768409068557,-0.7275200441002133,2.1597167587035146
8.678691891891892,9.357461658434355,-0.734351144908136,2.1608708136162247
8.688701801801802,9.36008689679378,-0.7411086655967616,2.1620235382212933
8.698711711711711,9.362644864072161,-0.7477919290796841,2.163174935582147
8.708721621621622,9.365136306935224,-0.7544002657108805,2.1643250087516432
8.718731531531532,9.367561978714262,-0.760933013351805,2.165473760772116
8.728741441441441,9.369922639330674,-0.7673895174377396,2.1666211946754297
8.738751351351352,9.37221905521981,-0.7737691310433773,2.1677673134830218
8.748761261261262,9.374451999254173,-0.7800712149476382,2.1689121202059547
8.75877117117117,9.376622250665992,-0.786295137697725,2.1700556178449597
8.768781081081082,9.37873059496913,-0.7924402756723893,2.171197809390487
8.778790990990991,9.380777823880393,-0.7985060131444142,2.172338697822751
8.7888009009009,9.382764735240187,-0.8044917423423141,2.1734782861117776
8.798810810810812,9.384692132932589,-0.8103968635112301,2.1746165772174506
8.808820720720721,9.386560826804788,-0.816220784973019,2.1757535740895575
8.81883063063063,9.388371632585953,-0.8219629231855455,2.1768892796678347
8.82884054054054,9.39012537180549,-0.8276227028011474,2.1780236968820157
8.838850450450451,9.39182287171073,-0.8331995567242849,2.1791568286518737
8.84886036036036,9.393464965184037,-0.8386929261683599,2.1802886778872668
8.85887027027027,9.395052490659367,-0.8441022607117091,2.181419247488185
8.86888018018018,9.39658629203824,-0.8494270183527536,2.182548540344794
8.87889009009009,9.398067218605203,-0.8546666655643017,2.1836765593374765
8.8889,9.39949612494272,-0.8598206773470138,2.184803307336881
8.89890990990991,9.400873870845551,-0.8648885372820027,2.185928787203963
8.90891981981982,9.402201321234603,-0.8698697375825745,2.1870530017900287
8.91892972972973,9.403479346070265,-0.8747637791451133,2.188175953936779
8.92893963963964,9.404708820265236,-0.8795701715990876,2.189297646476352
8.93894954954955,9.405890623596877,-0.884288433356181,2.190418082231365
8.94895945945946,9.407025640619036,-0.888918091658552,2.191537264014961
8.95896936936937,9.408114760573438,-0.8934586826261997,2.192655194630846
8.96897927927928,9.409158877300577,-0.8979097513034417,2.1937718768733334
8.978989189189189,9.410158889150154,-0.9022708517045044,2.1948873135273876
8.9889990990991,9.411115698891066,-0.9065415468582063,2.196001507368663
8.99900900900901,9.412030213620953,-0.9107214088517402,2.197114461163546
9.009018918918919,9.41290334467531,-0.9148100188735528,2.198226177669198
9.019028828828828,9.413736007536167,-0.9188069672553061,2.1993366596335937
9.02903873873874,9.414529121740365,-0.922711853512926,2.2004459097955644
9.039048648648649,9.415283610787425,-0.9265242863867273,2.201553930884836
9.049058558558558,9.416000402047,-0.9302438838806216,2.202660725622072
9.05906846846847,9.416680426665978,-0.933870273300389,2.203766296718912
9.069078378378379,9.417324619475162,-0.9374030912910203,2.204870646878011
9.079088288288288,9.417933918895615,-0.9408419838731277,2.20597377879308
9.089098198198199,9.418509266844628,-0.9441866064784106,2.2070756951489265
9.099108108108108,9.419051608641345,-0.9474366239841789,2.208176398621491
9.109118018018018,9.419561892912041,-0.9505917107469349,2.2092758918778874
9.119127927927929,9.42004107149507,-0.9536515506350004,2.210374177576444
9.129137837837838,9.420490099345505,-0.9566158370601899,2.211471258366737
9.139147747747748,9.42090993443944,-0.9594842730085344,2.212567136889634
9.149157657657659,9.42130153767801,-0.9622565710700387,2.213661815777328
9.159167567567568,9.421665872791111,-0.9649324534674784,2.214755297653379
9.169177477477477,9.422003906240837,-0.9675116520842351,2.215847585132749
9.179187387387387,9.422316607124639,-0.9699939084911592,2.2169386808218405
9.189197297297298,9.422604947078227,-0.9723789739724646,2.2180285873185346
9.199207207207207,9.422869900178219,-0.974666609550648,2.2191173072122257
9.209217117117117,9.423112442844529,-0.9768565860104359,2.2202048430838617
9.219227027027028,9.423333553742546,-0.9789486839217505,2.221291197505978
9.229236936936937,9.423534213685064,-0.9809426936616947,2.222376373042735
9.239246846846846,9.423715405534015,-0.9828384154355583,2.2234603722499555
9.249256756756758,9.423878114101976,-0.9846356592968353,2.2245431976751586
9.259266666666667,9.424023326053511,-0.9863342451662557,2.225624851857597
9.269276576576576,9.424152029806297,-0.9879340028498305,2.2267053373282937
9.279286486486487,9.424265215432088,-0.9894347720559037,2.227784656610075
9.289296396396397,9.42436387455752,-0.9908364024112127,2.228862812217607
9.299306306306306,9.424449000264742,-0.9921387534759568,2.2299398066574323
9.309316216216217,9.42452158699192,-0.9933416947578676,2.2310156424280025
9.319326126126127,9.424582630433598,-0.9944451057252841,2.232090322019715
9.329336036036036,9.424633127440918,-0.9954488758192304,2.233163847914945
9.339345945945945,9.424674075921757,-0.9963529044644929,2.234236222588084
9.349355855855856,9.424706474740727,-0.997157101079698,2.23530744850557
9.359365765765766,9.424731323619092,-0.9978613850863874,2.2363775281259235
9.369375675675675,9.424749623034604,-0.9984656859170928,2.2374464638997806
9.379385585585586,9.424762374121253,-0.9989699430224062,2.238514258269928
9.389395495495496,9.424770578568959,-0.9993741058770462,2.2395809136713347
9.399405405405405,9.424775238523202,-0.9996781339849218,2.240646432531187
9.409415315315316,9.42477735648461,-0.9998819968831887,2.2417108172689195
9.419425225225226,9.424777935208517,-0.9999856741453024,2.2427740702962504
9.429435135135135,9.424777977604483,-0.9999891553830644,2.2438361940172133
9.439445045045046,9.424778486635802,-0.999892440247664,2.24489719082819
9.449454954954955,9.424780465219015,-0.9996955384297116,2.2459570631179417
9.459464864864865,9.424784916123423,-0.9993984696582695,2.247015813267643
9.469474774774776,9.4247928418706,-0.9990012636988738,2.2480734436509135
9.479484684684685,9.42480524463395,-0.9985039603505527,2.2491299566338485
9.489494594594595,9.424823126138296,-0.9979066094418384,2.250185354575053
9.499504504504504,9.424847487559498,-0.9972092708257747,2.251239639825671
9.509514414414415,9.424879329424154,-0.9964120143739192,2.2522928147294192
9.519524324324324,9.424919651509333,-0.9955149199693435,2.2533448816226165
9.529534234234234,9.42496945274241,-0.994518077498628,2.2543958428342146
9.539544144144145,9.425029731100972,-0.9934215868428558,2.255445700685832
9.549554054054054,9.425101483512828,-0.9922255578676056,2.2564944574917805
9.559563963963964,9.425185705756114,-0.9909301104119425,2.2575421155591004
9.569573873873875,9.42528339235952,-0.9895353742764105,2.2585886771875874
9.579583783783784,9.425395536502643,-0.9880414892100278,2.2596341446698234
9.589593693693693,9.425523129916467,-0.9864486048962832,2.2606785202912087
9.599603603603605,9.425667162784006,-0.9847568809381381,2.2617218063299904
9.609613513513514,9.425828623641076,-0.9829664868420366,2.2627640050572917
9.619623423423423,9.426008499277252,-0.9810776020009185,2.2638051187371424
9.629633333333334,9.426207774637003,-0.9790904156762466,2.2648451496265096
9.639643243243244,9.426427432720985,-0.9770051269790432,2.265884099975324
9.649653153153153,9.426668454487563,-0.9748219448499384,2.2669219720265112
9.659663063063064,9.426931818754516,-0.9725410880382355,2.2679587680160225
9.669672972972974,9.427218502100956,-0.9701627850799935,2.268994490172859
9.679682882882883,9.427529478769486,-0.9676872742751275,2.270029140719104
9.689692792792792,9.42786572056858,-0.9651148036635312,2.271062721869952
9.699702702702703,9.428228196775207,-0.9624456310002252,2.2720952358337336
9.709712612612613,9.42861787403772,-0.9596800237295308,2.273126684811948
9.719722522522522,9.429035716278992,-0.9568182589582707,2.2741570709992884
9.729732432432433,9.429482684599837,-0.9538606234280049,2.2751863965836705
9.739742342342343,9.42995973718271,-0.9508074134863017,2.276214663746261
9.749752252252252,9.430467829195699,-0.9476589350570407,2.2772418746615055
9.759762162162163,9.431007912696822,-0.944415503609762,2.2782680314971553
9.769772072072072,9.431580936538628,-0.9410774441280589,2.2792931364142945
9.779781981981982,9.43218784627313,-0.9376450910770113,2.2803171915673692
9.789791891891893,9.43282958405706,-0.9341187883696753,2.281340199104213
9.799801801801802,9.433507088557468,-0.9304988893326258,2.282362161166074
9.809811711711712,9.434221294857666,-0.9267857566705504,2.283383079887642
9.819821621621623,9.434973134363547,-0.9229797624299088,2.284402957397077
9.829831531531532,9.435763534710246,-0.9190812879616572,2.2854217958160326
9.839841441441441,9.436593419669201,-0.9150907238830336,2.286439597259685
9.84985135135135,9.437463709055592,-0.9110084700384218,2.287456363836758
9.859861261261262,9.438375318636181,-0.9068349354592862,2.2884720976495507
9.869871171171171,9.439329160037548,-0.9025705383231916,2.2894868007939606
9.87988108108108,9.440326140654754,-0.8982157059118975,2.2905004753595133
9.889890990990992,9.441367163560418,-0.8937708745685485,2.2915131234293864
9.899900900900901,9.442453127414234,-0.8892364896539561,2.2925247470804337
9.90991081081081,9.443584926372928,-0.8846130055019692,2.2935353483832146
9.919920720720722,9.444763450000668,-0.8799008853739545,2.294544929402016
9.929930630630631,9.445989583179921,-0.8751006014123806,2.2955534921948786
9.93994054054054,9.447264206022806,-0.8702126345935055,2.2965610388136235
9.949950450450451,9.448588193782896,-0.8652374746791873,2.297567571303876
9.95996036036036,9.449962416767528,-0.860175620167813,2.298573091705089
9.96997027027027,9.451387740250592,-0.8550275782443454,2.299577602050572
9.979980180180181,9.452865024385844,-0.8497938647295072,2.300581104367511
9.98999009009009,9.45439512412071,-0.8444750040280995,2.301583600676996
10.0,9.45597888911063,-0.8390715290764524,2.302585092994046
